2025/07/06 14:09:50 bitflyer.go:217: connecting to wss://ws.lightstream.bitflyer.com/json-rpc
2025/07/06 15:16:08 bitflyer.go:217: connecting to wss://ws.lightstream.bitflyer.com/json-rpc
2025/07/06 15:16:09 streamdata.go:15: action=StreamIngestionData, {BTC_JPY RUNNING 2025-07-06T06:16:08.3445835Z 6019599 1.5640276e+07 1.564253e+07 0.0108682 0.01704725 431.12970868 242.38649362 0 0 1.564253e+07 138.49038061 138.49038061}
2025/07/06 15:16:09 streamdata.go:15: action=StreamIngestionData, {BTC_JPY RUNNING 2025-07-06T06:16:08.899837Z 6019616 1.564028e+07 1.564253e+07 0.23 0.01704725 431.21976682 242.38649362 0 0 1.564253e+07 138.49038061 138.49038061}
2025/07/06 15:16:10 streamdata.go:15: action=StreamIngestionData, {BTC_JPY RUNNING 2025-07-06T06:16:09.3756054Z 6019628 1.5640296e+07 1.564253e+07 0.0108682 0.01704725 431.28113411 242.37649362 0 0 1.564253e+07 138.49038061 138.49038061}
2025/07/06 15:16:10 streamdata.go:15: action=StreamIngestionData, {BTC_JPY RUNNING 2025-07-06T06:16:09.8836021Z 6019639 1.5640297e+07 1.564253e+07 0.05730565 0.01704725 430.78741433 242.37649362 0 0 1.564253e+07 138.49038061 138.49038061}
2025/07/06 15:16:11 streamdata.go:15: action=StreamIngestionData, {BTC_JPY RUNNING 2025-07-06T06:16:10.5395232Z 6019654 1.56403e+07 1.564253e+07 0.02 0.0020246 431.42088431 242.36147097 0 0 1.564253e+07 138.50540326 138.50540326}
2025/07/06 15:16:11 streamdata.go:15: action=StreamIngestionData, {BTC_JPY RUNNING 2025-07-06T06:16:11.0339357Z 6019672 1.5640314e+07 1.564253e+07 0.091949 0.0020246 431.12055269 242.36147097 0 0 1.564253e+07 138.50540326 138.50540326}
2025/07/06 15:16:12 streamdata.go:15: action=StreamIngestionData, {BTC_JPY RUNNING 2025-07-06T06:16:11.5175859Z 6019687 1.5640316e+07 1.564253e+07 0.09090685 0.0020246 431.28086267 242.36147097 0 0 1.564253e+07 138.50540326 138.50540326}
2025/07/06 15:16:12 streamdata.go:15: action=StreamIngestionData, {BTC_JPY RUNNING 2025-07-06T06:16:12.0986309Z 6019701 1.564032e+07 1.564253e+07 0.04404487 0.0020246 431.28128962 242.36147097 0 0 1.564253e+07 138.50540326 138.50540326}
2025/07/06 15:16:13 streamdata.go:15: action=StreamIngestionData, {BTC_JPY RUNNING 2025-07-06T06:16:12.669774Z 6019726 1.5640323e+07 1.5647314e+07 0.03419353 0.0060729 429.08092902 242.34446927 0 0 1.5647314e+07 138.52240496 138.52240496}
2025/07/06 15:16:14 streamdata.go:15: action=StreamIngestionData, {BTC_JPY RUNNING 2025-07-06T06:16:13.1990552Z 6019741 1.5640325e+07 1.5647314e+07 0.05730565 0.0060729 431.48139327 238.14746927 0 0 1.5647314e+07 138.52240496 138.52240496}
2025/07/06 15:16:14 streamdata.go:15: action=StreamIngestionData, {BTC_JPY RUNNING 2025-07-06T06:16:13.7494931Z 6019769 1.564048e+07 1.5647314e+07 0.036932 0.0260729 431.44225667 242.53439967 0 0 1.5647314e+07 138.52240496 138.52240496}
2025/07/06 15:16:15 streamdata.go:15: action=StreamIngestionData, {BTC_JPY RUNNING 2025-07-06T06:16:14.2163223Z 6019781 1.5640484e+07 1.5647314e+07 0.09101469 0.0260729 431.60596571 242.57269967 0 0 1.5647314e+07 138.52240496 138.52240496}
2025/07/06 15:16:15 streamdata.go:15: action=StreamIngestionData, {BTC_JPY RUNNING 2025-07-06T06:16:14.7778576Z 6019795 1.5640487e+07 1.5647314e+07 0.03400809 0.0260729 431.56537984 242.56269967 0 0 1.5647314e+07 138.52240496 138.52240496}
2025/07/06 15:16:16 streamdata.go:15: action=StreamIngestionData, {BTC_JPY RUNNING 2025-07-06T06:16:15.4180212Z 6019811 1.564049e+07 1.5647314e+07 0.03399645 0.0260729 431.70898091 242.56269967 0 0 1.5647314e+07 138.52240496 138.52240496}
2025/07/06 15:16:17 streamdata.go:15: action=StreamIngestionData, {BTC_JPY RUNNING 2025-07-06T06:16:15.9686468Z 6019826 1.5640494e+07 1.5647314e+07 0.09082296 0.0260729 431.73491278 242.56269967 0 0 1.5647314e+07 138.52240496 138.52240496}
2025/07/06 15:16:17 streamdata.go:15: action=StreamIngestionData, {BTC_JPY RUNNING 2025-07-06T06:16:16.5415796Z 6019872 1.5640651e+07 1.5647314e+07 0.036932 0.0260729 431.53225657 242.52272057 0 0 1.5647314e+07 138.52240496 138.52240496}
2025/07/06 15:16:18 streamdata.go:15: action=StreamIngestionData, {BTC_JPY RUNNING 2025-07-06T06:16:17.2589093Z 6019893 1.5640656e+07 1.5647314e+07 0.09010601 0.0260729 431.56505693 242.52272057 0 0 1.5647314e+07 138.52240496 138.52240496}
2025/07/06 15:16:18 streamdata.go:15: action=StreamIngestionData, {BTC_JPY RUNNING 2025-07-06T06:16:17.7988368Z 6019912 1.5640661e+07 1.5647314e+07 0.02 0.0260729 431.41957874 242.52272057 0 0 1.5647314e+07 138.52240496 138.52240496}
2025/07/06 15:16:19 streamdata.go:15: action=StreamIngestionData, {BTC_JPY RUNNING 2025-07-06T06:16:18.3014823Z 6019933 1.5640673e+07 1.5647314e+07 0.010868 0.0260729 431.68996608 242.52278307 0 0 1.5647314e+07 138.52240496 138.52240496}
2025/07/11 14:22:03 bitflyer.go:217: connecting to wss://ws.lightstream.bitflyer.com/json-rpc
2025/07/11 14:22:03 bitflyer.go:221: dial:read tcp 172.28.129.118:51646->20.210.51.169:443: read: connection reset by peer
2025/07/11 14:49:48 bitflyer.go:217: connecting to wss://ws.lightstream.bitflyer.com/json-rpc
2025/07/11 14:49:48 bitflyer.go:221: dial:read tcp 172.28.129.118:50312->20.210.51.169:443: read: connection reset by peer
2025/07/12 11:08:50 bitflyer.go:217: connecting to wss://ws.lightstream.bitflyer.com/json-rpc
2025/07/12 11:08:50 streamdata.go:16: action=StreamIngestionData, {BTC_JPY RUNNING 2025-07-12T02:08:49.3408847Z 18956371 1.7304479e+07 1.7307097e+07 0.02 0.03 265.30695802 166.76597722 0 0 1.7303617e+07 1080.11549445 1080.11549445}
2025/07/12 11:08:51 streamdata.go:16: action=StreamIngestionData, {BTC_JPY RUNNING 2025-07-12T02:08:49.8552852Z 18956376 1.7304479e+07 1.7307097e+07 0.02 0.03 265.35951352 166.75507722 0 0 1.7303617e+07 1080.06549944 1080.06549944}
2025/07/12 11:08:51 streamdata.go:16: action=StreamIngestionData, {BTC_JPY RUNNING 2025-07-12T02:08:50.3553488Z 18956402 1.7304479e+07 1.7306099e+07 0.02 0.06 265.33168742 166.81187736 0 0 1.7303617e+07 1080.06549944 1080.06549944}
2025/07/12 11:08:52 streamdata.go:16: action=StreamIngestionData, {BTC_JPY RUNNING 2025-07-12T02:08:50.8940748Z 18956407 1.7304479e+07 1.7306098e+07 0.02 0.03 265.33168742 166.75187736 0 0 1.7303617e+07 1080.06549944 1080.06549944}
2025/07/12 11:08:52 streamdata.go:16: action=StreamIngestionData, {BTC_JPY RUNNING 2025-07-12T02:08:51.4904825Z 18956410 1.7304479e+07 1.7306097e+07 0.02 0.24563165 265.44168742 166.99750901 0 0 1.7303617e+07 1080.06549944 1080.06549944}
2025/07/12 11:08:53 streamdata.go:16: action=StreamIngestionData, {BTC_JPY RUNNING 2025-07-12T02:08:52.1614799Z 18956428 1.7304479e+07 1.7306081e+07 0.02 0.0057745 265.33168742 166.14527736 0 0 1.7303617e+07 1080.06549944 1080.06549944}
2025/07/12 11:08:53 streamdata.go:16: action=StreamIngestionData, {BTC_JPY RUNNING 2025-07-12T02:08:52.7016085Z 18956433 1.7304479e+07 1.7306081e+07 0.02 0.0057745 265.33168742 166.17527736 0 0 1.7303617e+07 1080.06549944 1080.06549944}
2025/07/12 11:08:54 streamdata.go:16: action=StreamIngestionData, {BTC_JPY RUNNING 2025-07-12T02:08:53.3732633Z 18956442 1.7304479e+07 1.73061e+07 0.02 0.0109 265.44168742 166.48780286 0 0 1.7303617e+07 1080.06549944 1080.06549944}
2025/07/12 11:08:55 streamdata.go:16: action=StreamIngestionData, {BTC_JPY RUNNING 2025-07-12T02:08:53.9118738Z 18956449 1.7304479e+07 1.73061e+07 0.02 0.0109 265.33168742 166.52357736 0 0 1.7303617e+07 1080.06549944 1080.06549944}
2025/07/12 11:08:55 streamdata.go:16: action=StreamIngestionData, {BTC_JPY RUNNING 2025-07-12T02:08:54.5981321Z 18956459 1.7304479e+07 1.73061e+07 0.02 0.0109 265.44168742 166.51780286 0 0 1.7303617e+07 1080.06549944 1080.06549944}
2025/07/12 11:08:56 streamdata.go:16: action=StreamIngestionData, {BTC_JPY RUNNING 2025-07-12T02:08:55.2492862Z 18956465 1.7304479e+07 1.73061e+07 0.02 0.0109 265.33168742 166.81387736 0 0 1.7303617e+07 1080.04549944 1080.04549944}
2025/07/12 11:08:57 streamdata.go:16: action=StreamIngestionData, {BTC_JPY RUNNING 2025-07-12T02:08:55.8358662Z 18956473 1.7304479e+07 1.7306098e+07 0.02 0.03 265.33168742 166.64543451 0 0 1.7303617e+07 1080.04549944 1080.04549944}
2025/07/12 11:08:57 streamdata.go:16: action=StreamIngestionData, {BTC_JPY RUNNING 2025-07-12T02:08:56.3597193Z 18956484 1.7304479e+07 1.7306065e+07 0.02 0.0057745 265.44168742 165.83557736 0 0 1.7303617e+07 1080.04549944 1080.04549944}
2025/07/12 11:08:58 streamdata.go:16: action=StreamIngestionData, {BTC_JPY RUNNING 2025-07-12T02:08:56.931229Z 18956493 1.7304479e+07 1.73061e+07 0.02 0.0109 265.33168742 166.15010286 0 0 1.7303617e+07 1080.04549944 1080.04549944}
2025/07/12 11:08:58 streamdata.go:16: action=StreamIngestionData, {BTC_JPY RUNNING 2025-07-12T02:08:57.5035164Z 18956507 1.7304479e+07 1.73061e+07 0.02 0.0109 265.33168742 166.52692674 0 0 1.7303617e+07 1080.04549944 1080.04549944}
2025/07/12 11:08:59 streamdata.go:16: action=StreamIngestionData, {BTC_JPY RUNNING 2025-07-12T02:08:58.0467848Z 18956517 1.7304479e+07 1.73061e+07 0.02 0.0109 265.33168742 166.52417185 0 0 1.7303617e+07 1080.03549944 1080.03549944}
2025/07/12 11:08:59 streamdata.go:16: action=StreamIngestionData, {BTC_JPY RUNNING 2025-07-12T02:08:58.6244629Z 18956524 1.7304479e+07 1.73061e+07 0.02 0.0109 265.33655662 166.68876079 0 0 1.7303617e+07 1079.42353838 1079.42353838}
2025/07/12 11:09:00 streamdata.go:16: action=StreamIngestionData, {BTC_JPY RUNNING 2025-07-12T02:08:59.2452724Z 18956532 1.7304479e+07 1.73061e+07 0.02 0.0109 265.38813192 166.52735553 0 0 1.7303617e+07 1079.30686854 1079.30686854}
2025/07/12 11:09:00 streamdata.go:16: action=StreamIngestionData, {BTC_JPY RUNNING 2025-07-12T02:08:59.9042098Z 18956541 1.7304479e+07 1.73061e+07 0.02 0.0109 265.27813192 166.69176079 0 0 1.7303617e+07 1079.30686854 1079.30686854}
2025/07/12 11:09:01 streamdata.go:16: action=StreamIngestionData, {BTC_JPY RUNNING 2025-07-12T02:09:00.4359257Z 18956556 1.7304479e+07 1.7306e+07 0.02 0.0109 265.30913192 166.43263494 0 0 1.7303617e+07 1079.01202898 1079.01202898}
2025/07/12 11:09:02 streamdata.go:16: action=StreamIngestionData, {BTC_JPY RUNNING 2025-07-12T02:09:01.0598424Z 18956576 1.7304479e+07 1.7306195e+07 0.02 0.03 265.41913192 166.1586998 0 0 1.7303617e+07 1078.81424226 1078.81424226}
2025/07/12 11:09:02 streamdata.go:16: action=StreamIngestionData, {BTC_JPY RUNNING 2025-07-12T02:09:01.5812093Z 18956599 1.7304479e+07 1.7307888e+07 0.02 0.0326 265.36696652 166.70581554 0 0 1.7303617e+07 1078.80424226 1078.80424226}
2025/07/12 11:09:03 streamdata.go:16: action=StreamIngestionData, {BTC_JPY RUNNING 2025-07-12T02:09:02.152628Z 18956632 1.7304479e+07 1.7307887e+07 0.02 0.30180338 265.34839772 166.71870282 0 0 1.7303617e+07 1078.60424725 1078.60424725}
2025/07/12 11:09:03 streamdata.go:16: action=StreamIngestionData, {BTC_JPY RUNNING 2025-07-12T02:09:02.7495163Z 18956654 1.7304479e+07 1.7306999e+07 0.02 0.21563165 265.45839772 166.63212355 0 0 1.7303617e+07 1078.60424725 1078.60424725}
2025/07/12 11:09:04 streamdata.go:16: action=StreamIngestionData, {BTC_JPY RUNNING 2025-07-12T02:09:03.2530782Z 18956668 1.7304479e+07 1.7306599e+07 0.02 0.21563165 265.29029032 166.94714891 0 0 1.7303617e+07 1078.60424725 1078.60424725}
2025/07/12 11:09:04 streamdata.go:16: action=StreamIngestionData, {BTC_JPY RUNNING 2025-07-12T02:09:03.8390397Z 18956683 1.7304479e+07 1.73061e+07 0.02 0.0218 265.28929032 166.97666799 0 0 1.7303617e+07 1078.60424725 1078.60424725}
2025/07/12 11:09:05 streamdata.go:16: action=StreamIngestionData, {BTC_JPY RUNNING 2025-07-12T02:09:04.5151909Z 18956695 1.7304479e+07 1.7306099e+07 0.02 0.18563165 265.33955612 166.62119349 0 0 1.7303617e+07 1078.60424725 1078.60424725}
2025/07/12 11:09:06 streamdata.go:16: action=StreamIngestionData, {BTC_JPY RUNNING 2025-07-12T02:09:05.1590593Z 18956706 1.7304479e+07 1.7306065e+07 0.02 0.0057745 265.33955612 166.15303634 0 0 1.7303617e+07 1078.60424725 1078.60424725}
2025/07/12 11:09:06 streamdata.go:16: action=StreamIngestionData, {BTC_JPY RUNNING 2025-07-12T02:09:05.6863914Z 18956718 1.7304479e+07 1.7306065e+07 0.02 0.0057745 265.45155612 166.24159583 0 0 1.7303617e+07 1078.60424725 1078.60424725}
2025/07/12 11:09:07 streamdata.go:16: action=StreamIngestionData, {BTC_JPY RUNNING 2025-07-12T02:09:06.2538507Z 18956728 1.7304479e+07 1.73061e+07 0.02 0.0218 265.29329032 166.46989583 0 0 1.7303617e+07 1078.60424725 1078.60424725}
2025/07/12 11:09:07 streamdata.go:16: action=StreamIngestionData, {BTC_JPY RUNNING 2025-07-12T02:09:06.7390548Z 18956736 1.7304479e+07 1.73061e+07 0.02 0.0218 265.34355612 166.47047752 0 0 1.7303617e+07 1078.59424725 1078.59424725}
2025/07/12 11:09:08 streamdata.go:16: action=StreamIngestionData, {BTC_JPY RUNNING 2025-07-12T02:09:07.2356189Z 18956741 1.7304479e+07 1.73061e+07 0.02 0.0218 265.45355612 166.75300302 0 0 1.7303617e+07 1078.59424725 1078.59424725}
2025/07/12 11:09:08 streamdata.go:16: action=StreamIngestionData, {BTC_JPY RUNNING 2025-07-12T02:09:07.7842454Z 18956748 1.7304479e+07 1.7306099e+07 0.02 0.18563165 265.34355612 166.91561595 0 0 1.7303617e+07 1078.59424725 1078.59424725}
2025/07/12 11:09:09 streamdata.go:16: action=StreamIngestionData, {BTC_JPY RUNNING 2025-07-12T02:09:08.2399969Z 18956761 1.7304479e+07 1.7306097e+07 0.02 0.03 265.29729032 166.4716673 0 0 1.7303617e+07 1078.59424725 1078.59424725}
2025/07/12 11:09:09 streamdata.go:16: action=StreamIngestionData, {BTC_JPY RUNNING 2025-07-12T02:09:08.8388284Z 18956778 1.7304479e+07 1.7306099e+07 0.02 0.21563165 265.45755612 166.65152479 0 0 1.7303617e+07 1078.54424725 1078.54424725}
2025/07/12 11:09:10 streamdata.go:16: action=StreamIngestionData, {BTC_JPY RUNNING 2025-07-12T02:09:09.4384211Z 18956798 1.7304479e+07 1.7306097e+07 0.02 0.03 265.31087672 166.76099439 0 0 1.7303617e+07 1078.54424725 1078.54424725}
2025/07/12 11:09:11 streamdata.go:16: action=StreamIngestionData, {BTC_JPY RUNNING 2025-07-12T02:09:10.060643Z 18956816 1.7304479e+07 1.7306099e+07 0.02 0.24563165 264.2013906 165.49267054 0 0 1.7303617e+07 1078.54424725 1078.54424725}
2025/07/12 11:09:11 streamdata.go:16: action=StreamIngestionData, {BTC_JPY RUNNING 2025-07-12T02:09:10.6331732Z 18956836 1.7304479e+07 1.7306064e+07 0.02 0.03 263.57040584 164.38312809 0 0 1.7303617e+07 1078.54254725 1078.54254725}
2025/07/12 11:09:12 streamdata.go:16: action=StreamIngestionData, {BTC_JPY RUNNING 2025-07-12T02:09:11.1933704Z 18956856 1.7304479e+07 1.73061e+07 0.02 0.0218 263.52514004 164.10763968 0 0 1.7303617e+07 1078.54254725 1078.54254725}
2025/07/12 11:09:12 streamdata.go:16: action=StreamIngestionData, {BTC_JPY RUNNING 2025-07-12T02:09:11.5809581Z 18956873 1.7304479e+07 1.73061e+07 0.02 0.0218 263.52514004 163.86022489 0 0 1.7303617e+07 1078.49254725 1078.49254725}
2025/07/12 11:09:13 streamdata.go:16: action=StreamIngestionData, {BTC_JPY RUNNING 2025-07-12T02:09:12.2570153Z 18956888 1.7304479e+07 1.73061e+07 0.02 0.0218 263.52614004 164.66911593 0 0 1.7303617e+07 1078.49254725 1078.49254725}
2025/07/12 11:09:13 streamdata.go:16: action=StreamIngestionData, {BTC_JPY RUNNING 2025-07-12T02:09:12.8384906Z 18956893 1.7304479e+07 1.73061e+07 0.02 0.0218 263.57440584 164.47813921 0 0 1.7303617e+07 1078.49254725 1078.49254725}
2025/07/12 11:09:14 streamdata.go:16: action=StreamIngestionData, {BTC_JPY RUNNING 2025-07-12T02:09:13.3185491Z 18956902 1.7304479e+07 1.73061e+07 0.02 0.0218 263.57440584 164.67077615 0 0 1.7303617e+07 1078.49254725 1078.49254725}
2025/07/12 11:09:14 streamdata.go:16: action=StreamIngestionData, {BTC_JPY RUNNING 2025-07-12T02:09:13.8263386Z 18956909 1.7304479e+07 1.7306113e+07 0.02 0.06 263.68640584 164.62897615 0 0 1.7303617e+07 1078.44254725 1078.44254725}
2025/07/12 11:09:15 streamdata.go:16: action=StreamIngestionData, {BTC_JPY RUNNING 2025-07-12T02:09:14.4669627Z 18956932 1.7304479e+07 1.73063e+07 0.02 0.0109 263.57640584 164.6724902 0 0 1.7303617e+07 1078.44254725 1078.44254725}
2025/07/12 11:09:16 streamdata.go:16: action=StreamIngestionData, {BTC_JPY RUNNING 2025-07-12T02:09:15.0673761Z 18956943 1.7304479e+07 1.7306298e+07 0.02 0.03 263.57640584 164.39882489 0 0 1.7303617e+07 1078.44254725 1078.44254725}
2025/07/12 11:09:16 streamdata.go:16: action=StreamIngestionData, {BTC_JPY RUNNING 2025-07-12T02:09:15.5919137Z 18956955 1.7304479e+07 1.73063e+07 0.02 0.0109 263.57640584 164.41895711 0 0 1.7303617e+07 1078.44254725 1078.44254725}
2025/07/12 11:09:17 streamdata.go:16: action=StreamIngestionData, {BTC_JPY RUNNING 2025-07-12T02:09:16.2287762Z 18956963 1.7304479e+07 1.73063e+07 0.02 0.0109 263.57640584 164.37982489 0 0 1.7303617e+07 1078.44254725 1078.44254725}
2025/07/12 11:09:17 streamdata.go:16: action=StreamIngestionData, {BTC_JPY RUNNING 2025-07-12T02:09:16.8448371Z 18956971 1.7304479e+07 1.73063e+07 0.02 0.0109 263.63914004 164.40694033 0 0 1.7303617e+07 1078.44254725 1078.44254725}
2025/07/12 11:09:18 streamdata.go:16: action=StreamIngestionData, {BTC_JPY RUNNING 2025-07-12T02:09:17.3981373Z 18956975 1.7304479e+07 1.73063e+07 0.02 0.0109 263.58228834 164.40794033 0 0 1.7303617e+07 1078.39254725 1078.39254725}
2025/07/12 11:09:19 streamdata.go:16: action=StreamIngestionData, {BTC_JPY RUNNING 2025-07-12T02:09:18.3578617Z 18956976 1.7304479e+07 1.73063e+07 0.02 0.0109 263.52814004 164.40794033 0 0 1.7303617e+07 1078.39254725 1078.39254725}
2025/07/12 11:09:20 streamdata.go:16: action=StreamIngestionData, {BTC_JPY RUNNING 2025-07-12T02:09:19.4282519Z 18956984 1.7304479e+07 1.73063e+07 0.02 0.0109 263.53014004 164.40794033 0 0 1.7303617e+07 1078.34254725 1078.34254725}
2025/07/12 11:09:21 streamdata.go:16: action=StreamIngestionData, {BTC_JPY RUNNING 2025-07-12T02:09:19.891358Z 18956987 1.7304479e+07 1.73063e+07 0.02 0.0109 263.58328834 164.35706263 0 0 1.7303617e+07 1078.34254725 1078.34254725}
2025/07/12 11:09:21 streamdata.go:16: action=StreamIngestionData, {BTC_JPY RUNNING 2025-07-12T02:09:20.4574882Z 18956994 1.7304479e+07 1.73063e+07 0.02 0.0109 263.57964834 164.40988033 0 0 1.7303617e+07 1078.34254725 1078.34254725}
2025/07/12 11:09:22 streamdata.go:16: action=StreamIngestionData, {BTC_JPY RUNNING 2025-07-12T02:09:21.5835291Z 18956997 1.7304479e+07 1.73063e+07 0.02 0.0109 263.70154834 164.40988033 0 0 1.7303617e+07 1078.34254725 1078.34254725}
2025/07/12 11:09:23 streamdata.go:16: action=StreamIngestionData, {BTC_JPY RUNNING 2025-07-12T02:09:22.269587Z 18956999 1.7304479e+07 1.73063e+07 0.02 0.0109 263.53740004 164.40988033 0 0 1.7303617e+07 1078.28444725 1078.28444725}
2025/07/12 11:09:23 streamdata.go:16: action=StreamIngestionData, {BTC_JPY RUNNING 2025-07-12T02:09:22.8426817Z 18957004 1.7304479e+07 1.73063e+07 0.02 0.0109 263.61254834 164.40988033 0 0 1.7303617e+07 1078.28444725 1078.28444725}
2025/07/12 11:09:24 streamdata.go:16: action=StreamIngestionData, {BTC_JPY RUNNING 2025-07-12T02:09:23.3079348Z 18957005 1.7304479e+07 1.73063e+07 0.02 0.0109 263.72254834 164.40988033 0 0 1.7303617e+07 1078.28444725 1078.28444725}
2025/07/12 11:09:25 streamdata.go:16: action=StreamIngestionData, {BTC_JPY RUNNING 2025-07-12T02:09:24.2651304Z 18957007 1.7304479e+07 1.73063e+07 0.02 0.0109 263.61354834 164.40988033 0 0 1.7303617e+07 1078.23444725 1078.23444725}
2025/07/12 11:09:25 streamdata.go:16: action=StreamIngestionData, {BTC_JPY RUNNING 2025-07-12T02:09:24.7989564Z 18957014 1.7304479e+07 1.73066e+07 0.02 0.0109 263.61354834 164.44782193 0 0 1.7303617e+07 1078.22965175 1078.22965175}
2025/07/12 11:09:26 streamdata.go:16: action=StreamIngestionData, {BTC_JPY RUNNING 2025-07-12T02:09:25.2816302Z 18957032 1.7304479e+07 1.73066e+07 0.02 0.0109 263.62448674 164.13672726 0 0 1.7303617e+07 1078.22965175 1078.22965175}
2025/07/12 11:09:27 streamdata.go:16: action=StreamIngestionData, {BTC_JPY RUNNING 2025-07-12T02:09:25.9705566Z 18957043 1.7304479e+07 1.73066e+07 0.02 0.0109 263.64548674 164.41138189 0 0 1.7303617e+07 1078.21965175 1078.21965175}
2025/07/12 11:09:27 streamdata.go:16: action=StreamIngestionData, {BTC_JPY RUNNING 2025-07-12T02:09:26.7609394Z 18957045 1.7304479e+07 1.73066e+07 0.02 0.0109 263.64548674 164.41138189 0 0 1.7303617e+07 1078.16965175 1078.16965175}
2025/07/12 11:09:29 streamdata.go:16: action=StreamIngestionData, {BTC_JPY RUNNING 2025-07-12T02:09:27.9194414Z 18957048 1.7304479e+07 1.73066e+07 0.02 0.0109 263.73648674 164.41138189 0 0 1.7303617e+07 1078.16965175 1078.16965175}
2025/07/12 11:09:29 streamdata.go:16: action=StreamIngestionData, {BTC_JPY RUNNING 2025-07-12T02:09:28.6969653Z 18957051 1.7304479e+07 1.73066e+07 0.02 0.0109 263.62748674 164.37968189 0 0 1.7303617e+07 1078.16965175 1078.16965175}
2025/07/12 11:09:30 streamdata.go:16: action=StreamIngestionData, {BTC_JPY RUNNING 2025-07-12T02:09:29.2723675Z 18957055 1.7304479e+07 1.73066e+07 0.02 0.0109 263.57433844 163.80308189 0 0 1.7303617e+07 1078.16965175 1078.16965175}
2025/07/12 11:09:31 streamdata.go:16: action=StreamIngestionData, {BTC_JPY RUNNING 2025-07-12T02:09:29.9762332Z 18957060 1.7304479e+07 1.73066e+07 0.02 0.0109 263.73748674 163.80308189 0 0 1.7303617e+07 1078.16965175 1078.16965175}
2025/07/12 11:09:31 streamdata.go:16: action=StreamIngestionData, {BTC_JPY RUNNING 2025-07-12T02:09:30.5430596Z 18957073 1.7304479e+07 1.73066e+07 0.02 0.0109 263.56343844 164.05753199 0 0 1.7303617e+07 1078.16965175 1078.16965175}
2025/07/12 11:09:32 streamdata.go:16: action=StreamIngestionData, {BTC_JPY RUNNING 2025-07-12T02:09:31.1975226Z 18957089 1.7304479e+07 1.73066e+07 0.02 0.0109 263.62748674 164.12194725 0 0 1.7303617e+07 1078.16965175 1078.16965175}
2025/07/12 11:09:32 streamdata.go:16: action=StreamIngestionData, {BTC_JPY RUNNING 2025-07-12T02:09:31.7553033Z 18957098 1.7304479e+07 1.73066e+07 0.02 0.0109 263.62748674 164.05753199 0 0 1.7303617e+07 1078.16965175 1078.16965175}
2025/07/12 11:09:33 streamdata.go:16: action=StreamIngestionData, {BTC_JPY RUNNING 2025-07-12T02:09:32.2837006Z 18957110 1.7304479e+07 1.73066e+07 0.02 0.0109 263.62748674 164.09083293 0 0 1.7303617e+07 1078.16965175 1078.16965175}
2025/07/12 11:09:34 streamdata.go:16: action=StreamIngestionData, {BTC_JPY RUNNING 2025-07-12T02:09:32.9692717Z 18957117 1.7304479e+07 1.73066e+07 0.02 0.0109 263.73748614 164.09083293 0 0 1.7303617e+07 1078.16965175 1078.16965175}
2025/07/12 11:09:34 streamdata.go:16: action=StreamIngestionData, {BTC_JPY RUNNING 2025-07-12T02:09:33.7765916Z 18957120 1.7304479e+07 1.73066e+07 0.02 0.0109 263.57333844 164.37913293 0 0 1.7303617e+07 1078.16965175 1078.16965175}
2025/07/12 11:09:35 streamdata.go:16: action=StreamIngestionData, {BTC_JPY RUNNING 2025-07-12T02:09:34.4529331Z 18957123 1.7304479e+07 1.73066e+07 0.02 0.0109 263.57433844 164.37913293 0 0 1.7303617e+07 1078.16965175 1078.16965175}
2025/07/12 11:09:36 streamdata.go:16: action=StreamIngestionData, {BTC_JPY RUNNING 2025-07-12T02:09:35.0145902Z 18957134 1.7304479e+07 1.73063e+07 0.02 0.0109 263.73748614 163.85163293 0 0 1.7303617e+07 1078.16965175 1078.16965175}
2025/07/12 11:09:36 streamdata.go:16: action=StreamIngestionData, {BTC_JPY RUNNING 2025-07-12T02:09:35.595326Z 18957150 1.7304479e+07 1.7306e+07 0.02 0.0109 263.73748614 164.15117381 0 0 1.7303617e+07 1078.16965175 1078.16965175}
2025/07/12 11:09:37 streamdata.go:16: action=StreamIngestionData, {BTC_JPY RUNNING 2025-07-12T02:09:36.0875863Z 18957158 1.7304479e+07 1.7306e+07 0.02 0.0109 263.67340004 163.86162022 0 0 1.7303617e+07 1078.16965175 1078.16965175}
2025/07/12 11:09:37 streamdata.go:16: action=StreamIngestionData, {BTC_JPY RUNNING 2025-07-12T02:09:36.5798129Z 18957166 1.7304479e+07 1.7306e+07 0.02 0.0109 263.67340004 164.14636385 0 0 1.7303617e+07 1078.16965175 1078.16965175}
2025/07/12 11:09:39 streamdata.go:16: action=StreamIngestionData, {BTC_JPY RUNNING 2025-07-12T02:09:38.3493069Z 18957171 1.7304479e+07 1.7306e+07 0.02 0.0109 263.67340004 164.15213835 0 0 1.7303617e+07 1078.16965175 1078.16965175}
2025/07/12 11:09:39 streamdata.go:16: action=StreamIngestionData, {BTC_JPY RUNNING 2025-07-12T02:09:38.8259839Z 18957174 1.7304479e+07 1.7306e+07 0.02 0.0109 263.56340004 164.15213835 0 0 1.7303617e+07 1078.16965175 1078.16965175}
2025/07/12 11:09:40 streamdata.go:16: action=StreamIngestionData, {BTC_JPY RUNNING 2025-07-12T02:09:39.3608401Z 18957176 1.7304479e+07 1.7306e+07 0.02 0.0109 263.61573464 164.15213835 0 0 1.7303617e+07 1078.16965175 1078.16965175}
2025/07/12 11:09:41 streamdata.go:16: action=StreamIngestionData, {BTC_JPY RUNNING 2025-07-12T02:09:39.931441Z 18957179 1.7304476e+07 1.7306e+07 0.08519 0.0109 263.54340004 164.15213835 0 0 1.7303617e+07 1078.16965175 1078.16965175}
2025/07/12 11:09:41 streamdata.go:16: action=StreamIngestionData, {BTC_JPY RUNNING 2025-07-12T02:09:40.4643332Z 18957188 1.7304476e+07 1.7306e+07 0.08519 0.0109 263.59573464 164.37466385 0 0 1.7303617e+07 1078.16965175 1078.16965175}
2025/07/12 11:09:42 streamdata.go:16: action=StreamIngestionData, {BTC_JPY RUNNING 2025-07-12T02:09:41.1567653Z 18957194 1.7304476e+07 1.7306e+07 0.08519 0.0109 263.58483464 164.38048384 0 0 1.7303617e+07 1074.62965175 1074.62965175}
2025/07/12 11:09:43 streamdata.go:16: action=StreamIngestionData, {BTC_JPY RUNNING 2025-07-12T02:09:41.9523826Z 18957203 1.7304476e+07 1.7306e+07 0.08519 0.0109 263.70573464 164.09218384 0 0 1.7303617e+07 1074.62965175 1074.62965175}
2025/07/12 11:09:43 streamdata.go:16: action=StreamIngestionData, {BTC_JPY RUNNING 2025-07-12T02:09:42.4344883Z 18957215 1.7304476e+07 1.7306e+07 0.08519 0.0109 263.54340004 164.08354369 0 0 1.7303617e+07 1074.62965175 1074.62965175}
2025/07/12 11:09:44 streamdata.go:16: action=StreamIngestionData, {BTC_JPY RUNNING 2025-07-12T02:09:42.8809742Z 18957225 1.7304476e+07 1.7306e+07 0.08519 0.0109 263.59573464 164.37786101 0 0 1.7303617e+07 1074.62965175 1074.62965175}
2025/07/12 11:09:44 streamdata.go:16: action=StreamIngestionData, {BTC_JPY RUNNING 2025-07-12T02:09:43.7231537Z 18957231 1.7304476e+07 1.7306e+07 0.08519 0.0109 263.65340004 164.08956101 0 0 1.7303617e+07 1074.62565175 1074.62565175}
2025/07/12 11:09:45 streamdata.go:16: action=StreamIngestionData, {BTC_JPY RUNNING 2025-07-12T02:09:44.3678188Z 18957236 1.7304476e+07 1.7306e+07 0.08519 0.0109 263.59573464 164.08956101 0 0 1.7303617e+07 1074.62565175 1074.62565175}
2025/07/12 11:09:46 streamdata.go:16: action=StreamIngestionData, {BTC_JPY RUNNING 2025-07-12T02:09:44.9957657Z 18957237 1.7304476e+07 1.7306e+07 0.08519 0.0109 263.70573464 164.08956101 0 0 1.7303617e+07 1074.62565175 1074.62565175}
2025/07/12 11:09:46 streamdata.go:16: action=StreamIngestionData, {BTC_JPY RUNNING 2025-07-12T02:09:45.556242Z 18957259 1.7304476e+07 1.7307256e+07 0.08519 0.03 263.52540004 164.05366115 0 0 1.7303617e+07 1074.62565175 1074.62565175}
2025/07/12 11:09:47 streamdata.go:16: action=StreamIngestionData, {BTC_JPY RUNNING 2025-07-12T02:09:46.1383023Z 18957280 1.7303617e+07 1.73059e+07 0.08 0.0109 263.44021004 164.33410595 0 0 1.7303617e+07 1074.59565175 1074.59565175}
2025/07/12 11:09:47 streamdata.go:16: action=StreamIngestionData, {BTC_JPY RUNNING 2025-07-12T02:09:46.8478671Z 18957296 1.7303617e+07 1.7305898e+07 0.08 0.06 263.61237094 163.79581533 0 0 1.7303617e+07 1074.59565175 1074.59565175}
2025/07/12 11:09:48 streamdata.go:16: action=StreamIngestionData, {BTC_JPY RUNNING 2025-07-12T02:09:47.3862103Z 18957309 1.7303617e+07 1.7305897e+07 0.08 0.03 263.46021004 164.37528051 0 0 1.7303617e+07 1074.59565175 1074.59565175}
2025/07/12 11:09:49 streamdata.go:16: action=StreamIngestionData, {BTC_JPY RUNNING 2025-07-12T02:09:47.8931912Z 18957319 1.7303617e+07 1.7305897e+07 0.08 0.03 263.50831234 163.79870963 0 0 1.7303617e+07 1074.59565175 1074.59565175}
2025/07/12 11:09:49 streamdata.go:16: action=StreamIngestionData, {BTC_JPY RUNNING 2025-07-12T02:09:48.3617867Z 18957327 1.7303617e+07 1.7305897e+07 0.08 0.03 263.54921004 163.79252599 0 0 1.7303617e+07 1074.58565175 1074.58565175}
2025/07/12 11:09:50 streamdata.go:16: action=StreamIngestionData, {BTC_JPY RUNNING 2025-07-12T02:09:49.395239Z 18957344 1.7303617e+07 1.7305897e+07 0.08 0.03 263.48831234 164.08050856 0 0 1.7303617e+07 1074.55565175 1074.55565175}
2025/07/12 11:09:51 streamdata.go:16: action=StreamIngestionData, {BTC_JPY RUNNING 2025-07-12T02:09:50.0714652Z 18957350 1.7303617e+07 1.7305897e+07 0.08 0.03 263.49813864 164.08761709 0 0 1.7303617e+07 1074.55565175 1074.55565175}
2025/07/12 11:09:51 streamdata.go:16: action=StreamIngestionData, {BTC_JPY RUNNING 2025-07-12T02:09:50.8201971Z 18957352 1.7303617e+07 1.7305897e+07 0.08 0.03 263.51813864 164.08961709 0 0 1.7303617e+07 1074.55565175 1074.55565175}
2025/07/12 11:09:52 streamdata.go:16: action=StreamIngestionData, {BTC_JPY RUNNING 2025-07-12T02:09:51.3920407Z 18957355 1.7303617e+07 1.7305897e+07 0.08 0.03 263.58003634 164.08961709 0 0 1.7303617e+07 1074.55565175 1074.55565175}
2025/07/12 11:09:53 streamdata.go:16: action=StreamIngestionData, {BTC_JPY RUNNING 2025-07-12T02:09:51.9945746Z 18957362 1.7303617e+07 1.7305897e+07 0.08 0.03 263.46021004 164.09161709 0 0 1.7303617e+07 1074.55565175 1074.55565175}
2025/07/12 11:09:53 streamdata.go:16: action=StreamIngestionData, {BTC_JPY RUNNING 2025-07-12T02:09:52.7857941Z 18957367 1.7303617e+07 1.7305897e+07 0.08 0.03 263.44903634 164.09161709 0 0 1.7303617e+07 1074.54565175 1074.54565175}
2025/07/12 11:09:54 streamdata.go:16: action=StreamIngestionData, {BTC_JPY RUNNING 2025-07-12T02:09:53.4038719Z 18957374 1.7303617e+07 1.7305897e+07 0.08 0.03 263.51708164 164.09361709 0 0 1.7303617e+07 1074.53565175 1074.53565175}
2025/07/12 11:09:55 streamdata.go:16: action=StreamIngestionData, {BTC_JPY RUNNING 2025-07-12T02:09:54.0348735Z 18957377 1.7303617e+07 1.7305897e+07 0.08 0.03 263.46021004 164.09361709 0 0 1.7303617e+07 1074.53565175 1074.53565175}
2025/07/12 11:09:55 streamdata.go:16: action=StreamIngestionData, {BTC_JPY RUNNING 2025-07-12T02:09:54.6100878Z 18957382 1.7303617e+07 1.7305897e+07 0.08 0.03 263.59725534 164.09561709 0 0 1.7303617e+07 1074.53465175 1074.53465175}
2025/07/12 11:09:56 streamdata.go:16: action=StreamIngestionData, {BTC_JPY RUNNING 2025-07-12T02:09:55.2851935Z 18957387 1.7303617e+07 1.7305897e+07 0.08 0.03 263.43921004 164.09661709 0 0 1.7303617e+07 1074.53465175 1074.53465175}
2025/07/12 11:09:57 streamdata.go:16: action=StreamIngestionData, {BTC_JPY RUNNING 2025-07-12T02:09:55.8567157Z 18957390 1.7303617e+07 1.7305897e+07 0.08 0.03 263.48725534 164.07481709 0 0 1.7303617e+07 1074.53465175 1074.53465175}
2025/07/12 11:09:57 streamdata.go:16: action=StreamIngestionData, {BTC_JPY RUNNING 2025-07-12T02:09:56.4639236Z 18957408 1.7303617e+07 1.73048e+07 0.08 0.0109 263.59725534 163.8945453 0 0 1.7303617e+07 1074.53465175 1074.53465175}
2025/07/12 11:09:58 streamdata.go:16: action=StreamIngestionData, {BTC_JPY RUNNING 2025-07-12T02:09:56.8826079Z 18957419 1.7303617e+07 1.73048e+07 0.08 0.0109 263.48725534 163.87021197 0 0 1.7303617e+07 1074.53465175 1074.53465175}
2025/07/12 11:09:58 streamdata.go:16: action=StreamIngestionData, {BTC_JPY RUNNING 2025-07-12T02:09:57.5433907Z 18957431 1.7303617e+07 1.73048e+07 0.08 0.0109 263.45034704 164.15810533 0 0 1.7303617e+07 1074.53465175 1074.53465175}
2025/07/12 11:09:59 streamdata.go:16: action=StreamIngestionData, {BTC_JPY RUNNING 2025-07-12T02:09:58.0765505Z 18957450 1.7303617e+07 1.73048e+07 0.08 0.0109 263.56003634 164.13289254 0 0 1.7303617e+07 1074.53465175 1074.53465175}
2025/07/12 11:16:20 bitflyer.go:217: connecting to wss://ws.lightstream.bitflyer.com/json-rpc
2025/07/12 11:16:21 streamdata.go:16: action=StreamIngestionData, {BTC_JPY RUNNING 2025-07-12T02:16:19.9300359Z 18962509 1.73043e+07 1.73114e+07 0.0502 0.0109 266.97765456 167.72199033 0 0 1.73106e+07 1050.77913665 1050.77913665}
2025/07/12 11:16:21 streamdata.go:16: action=StreamIngestionData, {BTC_JPY RUNNING 2025-07-12T02:16:20.5889606Z 18962526 1.7304304e+07 1.73114e+07 0.1 0.0109 266.89377872 167.75859033 0 0 1.73106e+07 1050.77913665 1050.77913665}
2025/07/12 11:16:22 streamdata.go:16: action=StreamIngestionData, {BTC_JPY RUNNING 2025-07-12T02:16:21.0867146Z 18962549 1.7304338e+07 1.73114e+07 0.0098231 0.0109 266.76301307 167.75959033 0 0 1.73106e+07 1050.77913665 1050.77913665}
2025/07/12 11:16:22 streamdata.go:16: action=StreamIngestionData, {BTC_JPY RUNNING 2025-07-12T02:16:21.6101091Z 18962574 1.7305101e+07 1.73114e+07 0.1 0.0109 266.86374368 167.76159033 0 0 1.73106e+07 1050.77028665 1050.77028665}
2025/07/12 11:16:23 streamdata.go:16: action=StreamIngestionData, {BTC_JPY RUNNING 2025-07-12T02:16:22.1560679Z 18962603 1.7305103e+07 1.73114e+07 0.08216835 0.0109 266.83826698 167.63252683 0 0 1.73106e+07 1050.77028665 1050.77028665}
2025/07/12 11:16:23 streamdata.go:16: action=StreamIngestionData, {BTC_JPY RUNNING 2025-07-12T02:16:22.673735Z 18962627 1.7305137e+07 1.73114e+07 0.14216835 0.0109 266.92146089 167.63652683 0 0 1.73106e+07 1050.77028665 1050.77028665}
2025/07/12 11:16:24 streamdata.go:16: action=StreamIngestionData, {BTC_JPY RUNNING 2025-07-12T02:16:23.3199522Z 18962648 1.7305139e+07 1.73114e+07 0.06 0.0109 266.86809093 167.63653473 0 0 1.73106e+07 1050.64424449 1050.64424449}
2025/07/12 11:16:25 streamdata.go:16: action=StreamIngestionData, {BTC_JPY RUNNING 2025-07-12T02:16:23.6753649Z 18962666 1.7305154e+07 1.73114e+07 0.0098226 0.0109 266.91073079 167.67213473 0 0 1.73106e+07 1050.64424449 1050.64424449}
2025/07/12 11:16:25 streamdata.go:16: action=StreamIngestionData, {BTC_JPY RUNNING 2025-07-12T02:16:24.4770464Z 18962694 1.7303422e+07 1.7313908e+07 0.0109296 0.00131275 266.75860813 167.62487553 0 0 1.73106e+07 1050.64424449 1050.64424449}
2025/07/12 11:16:26 streamdata.go:16: action=StreamIngestionData, {BTC_JPY RUNNING 2025-07-12T02:16:25.0578291Z 18962726 1.7305157e+07 1.73122e+07 0.04 0.0109 267.43370788 167.65067553 0 0 1.73106e+07 1050.64424449 1050.64424449}
2025/07/12 11:16:26 streamdata.go:16: action=StreamIngestionData, {BTC_JPY RUNNING 2025-07-12T02:16:25.5771678Z 18962757 1.7305162e+07 1.73122e+07 0.02 0.0109 267.59414043 167.64967553 0 0 1.73106e+07 1050.64424449 1050.64424449}
2025/07/12 11:16:27 streamdata.go:16: action=StreamIngestionData, {BTC_JPY RUNNING 2025-07-12T02:16:26.1370079Z 18962776 1.7305177e+07 1.73122e+07 0.0098226 0.0109 267.46268999 167.68627553 0 0 1.73106e+07 1050.63720232 1050.63720232}
2025/07/12 11:16:27 streamdata.go:16: action=StreamIngestionData, {BTC_JPY RUNNING 2025-07-12T02:16:26.7039561Z 18962793 1.7305179e+07 1.73122e+07 0.1 0.0109 267.55986588 167.68727553 0 0 1.73106e+07 1050.63720232 1050.63720232}
2025/07/12 11:16:28 streamdata.go:16: action=StreamIngestionData, {BTC_JPY RUNNING 2025-07-12T02:16:27.2122901Z 18962812 1.7302723e+07 1.73122e+07 0.02763246 0.0109 267.39350739 167.58977929 0 0 1.73106e+07 1050.63116016 1050.63116016}
2025/07/12 11:16:28 streamdata.go:16: action=StreamIngestionData, {BTC_JPY RUNNING 2025-07-12T02:16:27.7388858Z 18962832 1.7305214e+07 1.73122e+07 0.0098226 0.0109 267.58549834 167.68937539 0 0 1.73106e+07 1050.63116016 1050.63116016}
2025/07/12 11:16:29 streamdata.go:16: action=StreamIngestionData, {BTC_JPY RUNNING 2025-07-12T02:16:28.2951991Z 18962865 1.7305215e+07 1.7313908e+07 0.18216835 0.00131275 266.89079988 167.11683595 0 0 1.73106e+07 1050.62952878 1050.62952878}
2025/07/12 11:16:29 streamdata.go:16: action=StreamIngestionData, {BTC_JPY RUNNING 2025-07-12T02:16:28.8632285Z 18962896 1.7305218e+07 1.7313908e+07 0.02 0.00131275 266.89842232 167.11731115 0 0 1.73106e+07 1050.62952878 1050.62952878}
2025/07/12 11:16:30 streamdata.go:16: action=StreamIngestionData, {BTC_JPY RUNNING 2025-07-12T02:16:29.3867352Z 18962923 1.730522e+07 1.7313908e+07 0.1 0.00131275 266.85400468 167.17291115 0 0 1.73106e+07 1050.62952878 1050.62952878}
2025/07/12 11:16:31 streamdata.go:16: action=StreamIngestionData, {BTC_JPY RUNNING 2025-07-12T02:16:29.9588393Z 18962953 1.7305255e+07 1.7313e+07 0.0098226 0.0109 266.86457028 167.14111115 0 0 1.73106e+07 1050.61952878 1050.61952878}
2025/07/12 11:16:31 streamdata.go:16: action=StreamIngestionData, {BTC_JPY RUNNING 2025-07-12T02:16:30.5726095Z 18962973 1.7305255e+07 1.7313e+07 0.0098226 0.0109 266.83789415 167.14111115 0 0 1.73106e+07 1050.61952878 1050.61952878}
2025/07/12 11:16:32 streamdata.go:16: action=StreamIngestionData, {BTC_JPY RUNNING 2025-07-12T02:16:31.0902374Z 18962987 1.7305259e+07 1.7313e+07 0.02 0.0109 266.8901211 167.17571115 0 0 1.73106e+07 1050.61952878 1050.61952878}
2025/07/12 11:16:32 streamdata.go:16: action=StreamIngestionData, {BTC_JPY RUNNING 2025-07-12T02:16:31.6445814Z 18963008 1.7305274e+07 1.7313e+07 0.18216835 0.0109 266.90143814 167.17571115 0 0 1.73106e+07 1050.61952878 1050.61952878}
2025/07/12 11:16:33 streamdata.go:16: action=StreamIngestionData, {BTC_JPY RUNNING 2025-07-12T02:16:32.2572623Z 18963030 1.7305276e+07 1.7313e+07 0.14216835 0.0109 266.95514762 167.15199675 0 0 1.73106e+07 1050.61952878 1050.61952878}
2025/07/12 11:16:33 streamdata.go:16: action=StreamIngestionData, {BTC_JPY RUNNING 2025-07-12T02:16:32.7591047Z 18963046 1.730531e+07 1.7313e+07 0.0098225 0.0109 266.92497012 167.15299675 0 0 1.73106e+07 1050.61952878 1050.61952878}
2025/07/12 11:16:34 streamdata.go:16: action=StreamIngestionData, {BTC_JPY RUNNING 2025-07-12T02:16:33.312986Z 18963065 1.7305314e+07 1.7313e+07 0.02 0.0109 266.91714762 166.75729607 0 0 1.73106e+07 1050.61952878 1050.61952878}
2025/07/12 11:16:35 streamdata.go:16: action=StreamIngestionData, {BTC_JPY RUNNING 2025-07-12T02:16:33.9264049Z 18963098 1.7310259e+07 1.7313908e+07 0.18563 0.00131275 267.04265814 167.20657127 0 0 1.73106e+07 1050.61952878 1050.61952878}
2025/07/12 11:16:35 streamdata.go:16: action=StreamIngestionData, {BTC_JPY RUNNING 2025-07-12T02:16:34.4544681Z 18963126 1.7310262e+07 1.7313908e+07 0.02 0.00131275 267.60250174 167.12076441 0 0 1.73106e+07 1050.61220232 1050.61220232}
2025/07/12 11:16:36 streamdata.go:16: action=StreamIngestionData, {BTC_JPY RUNNING 2025-07-12T02:16:35.0533352Z 18963162 1.7310277e+07 1.7313908e+07 0.0098197 0.00131275 267.34927695 167.64688521 0 0 1.73106e+07 1050.61220232 1050.61220232}
2025/07/12 11:16:36 streamdata.go:16: action=StreamIngestionData, {BTC_JPY RUNNING 2025-07-12T02:16:35.550971Z 18963184 1.7310278e+07 1.7313908e+07 0.18216835 0.00131275 267.6224653 167.61328521 0 0 1.73106e+07 1050.61220232 1050.61220232}
2025/07/12 11:16:37 streamdata.go:16: action=StreamIngestionData, {BTC_JPY RUNNING 2025-07-12T02:16:36.2276093Z 18963208 1.7310282e+07 1.7313908e+07 0.02 0.00131275 267.34153695 167.61328521 0 0 1.73106e+07 1050.61220232 1050.61220232}
2025/07/12 11:16:37 streamdata.go:16: action=StreamIngestionData, {BTC_JPY RUNNING 2025-07-12T02:16:36.8407931Z 18963230 1.7310314e+07 1.7313908e+07 0.08216835 0.00131275 267.532525 167.54828911 0 0 1.73106e+07 1050.47220232 1050.47220232}
2025/07/12 11:16:38 streamdata.go:16: action=StreamIngestionData, {BTC_JPY RUNNING 2025-07-12T02:16:37.3608358Z 18963248 1.7310317e+07 1.7313908e+07 0.02 0.00131275 267.5259722 167.70482521 0 0 1.73106e+07 1050.47220232 1050.47220232}
2025/07/12 11:16:39 streamdata.go:16: action=StreamIngestionData, {BTC_JPY RUNNING 2025-07-12T02:16:37.9727661Z 18963275 1.7310331e+07 1.7313908e+07 0.18216835 0.00131275 267.536525 167.70482521 0 0 1.73106e+07 1050.47220232 1050.47220232}
2025/07/12 11:16:39 streamdata.go:16: action=StreamIngestionData, {BTC_JPY RUNNING 2025-07-12T02:16:38.4972214Z 18963288 1.7310334e+07 1.7313908e+07 0.02 0.00131275 267.34453695 167.67022521 0 0 1.73106e+07 1050.46615811 1050.46615811}
2025/07/12 11:16:40 streamdata.go:16: action=StreamIngestionData, {BTC_JPY RUNNING 2025-07-12T02:16:39.0587832Z 18963309 1.7307252e+07 1.7313908e+07 0.0098214 0.00131275 267.33095835 167.70482521 0 0 1.73106e+07 1050.46615811 1050.46615811}
2025/07/12 11:16:40 streamdata.go:16: action=StreamIngestionData, {BTC_JPY RUNNING 2025-07-12T02:16:39.5692764Z 18963330 1.73076e+07 1.7313908e+07 0.0502 0.00131275 267.3933209 167.25162967 0 0 1.73106e+07 1050.45406968 1050.45406968}
2025/07/12 11:16:41 streamdata.go:16: action=StreamIngestionData, {BTC_JPY RUNNING 2025-07-12T02:16:40.1164568Z 18963356 1.7310344e+07 1.7313908e+07 0.18216835 0.00131275 267.51283616 167.68184487 0 0 1.73106e+07 1050.45406968 1050.45406968}
2025/07/12 11:16:41 streamdata.go:16: action=StreamIngestionData, {BTC_JPY RUNNING 2025-07-12T02:16:40.6272858Z 18963380 1.7310347e+07 1.7313908e+07 0.02 0.00131275 267.50231832 167.71544487 0 0 1.73106e+07 1050.43000222 1050.43000222}
2025/07/12 11:16:42 streamdata.go:16: action=StreamIngestionData, {BTC_JPY RUNNING 2025-07-12T02:16:41.2582345Z 18963399 1.7310349e+07 1.7313908e+07 0.02 0.00131275 267.3651995 167.68184487 0 0 1.73106e+07 1050.43000222 1050.43000222}
2025/07/12 11:16:43 streamdata.go:16: action=StreamIngestionData, {BTC_JPY RUNNING 2025-07-12T02:16:41.8807906Z 18963424 1.7310352e+07 1.7313908e+07 0.02 0.00131275 267.67283528 167.71544487 0 0 1.73106e+07 1050.42219734 1050.42219734}
2025/07/12 11:16:43 streamdata.go:16: action=StreamIngestionData, {BTC_JPY RUNNING 2025-07-12T02:16:42.5673173Z 18963454 1.7310385e+07 1.7313908e+07 0.0098197 0.00131275 267.52360805 167.71544487 0 0 1.73106e+07 1050.42219734 1050.42219734}
2025/07/12 11:16:44 streamdata.go:16: action=StreamIngestionData, {BTC_JPY RUNNING 2025-07-12T02:16:43.0335407Z 18963474 1.7310386e+07 1.7313908e+07 0.12216835 0.00131275 267.50518812 167.72544487 0 0 1.73106e+07 1050.42219734 1050.42219734}
2025/07/12 11:16:44 streamdata.go:16: action=StreamIngestionData, {BTC_JPY RUNNING 2025-07-12T02:16:43.5426229Z 18963492 1.7310388e+07 1.7313908e+07 0.18216835 0.00131275 267.54466012 167.69084487 0 0 1.73106e+07 1050.42219734 1050.42219734}
2025/07/12 11:16:45 streamdata.go:16: action=StreamIngestionData, {BTC_JPY RUNNING 2025-07-12T02:16:44.1394818Z 18963513 1.7310403e+07 1.7313908e+07 0.0098197 0.00131275 267.46436751 167.69184487 0 0 1.73106e+07 1050.40017701 1050.40017701}
2025/07/12 11:16:45 streamdata.go:16: action=StreamIngestionData, {BTC_JPY RUNNING 2025-07-12T02:16:44.65807Z 18963531 1.7310407e+07 1.7313908e+07 0.02 0.00131275 267.66454781 167.72544487 0 0 1.73106e+07 1050.39009809 1050.39009809}
2025/07/12 11:16:46 streamdata.go:16: action=StreamIngestionData, {BTC_JPY RUNNING 2025-07-12T02:16:45.3021203Z 18963559 1.7310409e+07 1.73138e+07 0.18216835 0.0109 267.54342156 167.71364487 0 0 1.73106e+07 1050.39009809 1050.39009809}
2025/07/12 11:16:46 streamdata.go:16: action=StreamIngestionData, {BTC_JPY RUNNING 2025-07-12T02:16:45.8675291Z 18963583 1.7310414e+07 1.73138e+07 0.02 0.0109 267.55490716 167.71264487 0 0 1.73106e+07 1050.39009809 1050.39009809}
2025/07/12 11:16:47 streamdata.go:16: action=StreamIngestionData, {BTC_JPY RUNNING 2025-07-12T02:16:46.438197Z 18963608 1.7310428e+07 1.73138e+07 0.0098196 0.0109 267.59824077 167.74724487 0 0 1.73106e+07 1050.39009809 1050.39009809}
2025/07/12 11:16:48 streamdata.go:16: action=StreamIngestionData, {BTC_JPY RUNNING 2025-07-12T02:16:47.0932358Z 18963640 1.7310431e+07 1.73138e+07 0.1 0.0109 265.95640684 167.74724487 0 0 1.73106e+07 1050.39009809 1050.39009809}
2025/07/12 11:16:48 streamdata.go:16: action=StreamIngestionData, {BTC_JPY RUNNING 2025-07-12T02:16:47.6199893Z 18963657 1.7310434e+07 1.73138e+07 0.02 0.0109 265.89149044 167.71264487 0 0 1.73106e+07 1050.39009809 1050.39009809}
2025/07/12 11:22:18 bitflyer.go:217: connecting to wss://ws.lightstream.bitflyer.com/json-rpc
2025/07/12 11:22:19 streamdata.go:16: action=StreamIngestionData, {BTC_JPY RUNNING 2025-07-12T02:22:18.3233564Z 18972000 1.7320718e+07 1.7328129e+07 0.01 0.00520825 267.28190848 170.45245621 0 0 1.7326095e+07 1041.90317653 1041.90317653}
2025/07/12 11:22:20 streamdata.go:16: action=StreamIngestionData, {BTC_JPY RUNNING 2025-07-12T02:22:18.9248715Z 18972013 1.7321003e+07 1.7328129e+07 0.02 0.00520825 267.29872998 170.67625621 0 0 1.7326095e+07 1041.88917514 1041.88917514}
2025/07/12 11:22:20 streamdata.go:16: action=StreamIngestionData, {BTC_JPY RUNNING 2025-07-12T02:22:19.3693152Z 18972023 1.7321003e+07 1.7328e+07 0.02 0.2883 267.45210758 171.00995621 0 0 1.7326095e+07 1041.87917514 1041.87917514}
2025/07/12 11:22:21 streamdata.go:16: action=StreamIngestionData, {BTC_JPY RUNNING 2025-07-12T02:22:20.0040761Z 18972033 1.7321003e+07 1.7327999e+07 0.02 0.02 267.31743256 170.97954761 0 0 1.7326095e+07 1040.531425 1040.531425}
2025/07/12 11:22:22 streamdata.go:16: action=StreamIngestionData, {BTC_JPY RUNNING 2025-07-12T02:22:20.9477319Z 18972038 1.7321003e+07 1.7328e+07 0.02 0.2883 267.46203256 170.99314761 0 0 1.7326095e+07 1040.51742361 1040.51742361}
2025/07/12 11:22:22 streamdata.go:16: action=StreamIngestionData, {BTC_JPY RUNNING 2025-07-12T02:22:21.3921529Z 18972045 1.7321003e+07 1.7327999e+07 0.02 0.02 267.31743256 170.79588451 0 0 1.7326095e+07 1040.50602474 1040.50602474}
2025/07/12 11:22:23 streamdata.go:16: action=StreamIngestionData, {BTC_JPY RUNNING 2025-07-12T02:22:21.9231985Z 18972049 1.7321003e+07 1.7328e+07 0.02 0.2883 267.35203256 170.78488451 0 0 1.7326095e+07 1040.50602474 1040.50602474}
2025/07/12 11:22:23 streamdata.go:16: action=StreamIngestionData, {BTC_JPY RUNNING 2025-07-12T02:22:22.5204201Z 18972053 1.7321003e+07 1.7328e+07 0.02 0.2883 267.42743256 170.78488451 0 0 1.7326095e+07 1040.25202336 1040.25202336}
2025/07/12 11:22:24 streamdata.go:16: action=StreamIngestionData, {BTC_JPY RUNNING 2025-07-12T02:22:23.4629316Z 18972057 1.7321003e+07 1.7327999e+07 0.02 0.02 267.31743256 170.80488451 0 0 1.7326095e+07 1039.94202336 1039.94202336}
2025/07/12 11:22:25 streamdata.go:16: action=StreamIngestionData, {BTC_JPY RUNNING 2025-07-12T02:22:24.1237874Z 18972062 1.7321003e+07 1.7327999e+07 0.02 0.02 267.43298256 170.83948451 0 0 1.7326095e+07 1039.92802201 1039.92802201}
2025/07/12 11:22:25 streamdata.go:16: action=StreamIngestionData, {BTC_JPY RUNNING 2025-07-12T02:22:24.6823852Z 18972072 1.7321003e+07 1.7327999e+07 0.02 0.02 267.35298256 170.80500419 0 0 1.7326095e+07 1039.92802201 1039.92802201}
2025/07/12 11:22:26 streamdata.go:16: action=StreamIngestionData, {BTC_JPY RUNNING 2025-07-12T02:22:25.2841086Z 18972075 1.7321003e+07 1.7327999e+07 0.02 0.02 267.35198256 170.83860419 0 0 1.7326095e+07 1039.90812067 1039.90812067}
2025/07/12 11:22:27 streamdata.go:16: action=StreamIngestionData, {BTC_JPY RUNNING 2025-07-12T02:22:25.8448982Z 18972080 1.7321003e+07 1.7327999e+07 0.02 0.02 267.41860496 170.80500419 0 0 1.7326095e+07 1039.90812067 1039.90812067}
2025/07/12 11:22:27 streamdata.go:16: action=StreamIngestionData, {BTC_JPY RUNNING 2025-07-12T02:22:26.3831834Z 18972104 1.7321003e+07 1.7327984e+07 0.02 0.0068086 266.59656394 170.57344859 0 0 1.7326095e+07 1039.75872067 1039.75872067}
2025/07/12 11:22:28 streamdata.go:16: action=StreamIngestionData, {BTC_JPY RUNNING 2025-07-12T02:22:27.0218534Z 18972128 1.7320718e+07 1.7327983e+07 0.01 0.02 267.56762632 170.59178439 0 0 1.7326095e+07 1039.74471932 1039.74471932}
2025/07/12 11:22:28 streamdata.go:16: action=StreamIngestionData, {BTC_JPY RUNNING 2025-07-12T02:22:27.4996142Z 18972147 1.7320718e+07 1.7327799e+07 0.01 0.04 267.70952181 170.93592415 0 0 1.7326095e+07 1039.74471932 1039.74471932}
2025/07/12 11:22:29 streamdata.go:16: action=StreamIngestionData, {BTC_JPY RUNNING 2025-07-12T02:22:28.190485Z 18972165 1.7320718e+07 1.7327784e+07 0.01 0.0068086 267.56492181 171.10937669 0 0 1.7326095e+07 1039.73071796 1039.73071796}
2025/07/12 11:22:29 streamdata.go:16: action=StreamIngestionData, {BTC_JPY RUNNING 2025-07-12T02:22:28.7555351Z 18972177 1.73208e+07 1.7327783e+07 0.0402 0.2 267.53992181 171.04937669 0 0 1.7326095e+07 1039.73071796 1039.73071796}
2025/07/12 11:22:30 streamdata.go:16: action=StreamIngestionData, {BTC_JPY RUNNING 2025-07-12T02:22:29.2840256Z 18972201 1.73208e+07 1.7327767e+07 0.0402 0.0068086 267.53992181 170.88714888 0 0 1.7326095e+07 1039.73071796 1039.73071796}
2025/07/12 11:22:31 streamdata.go:16: action=StreamIngestionData, {BTC_JPY RUNNING 2025-07-12T02:22:29.8659338Z 18972222 1.73208e+07 1.7326699e+07 0.0402 0.04 267.56952181 170.87956999 0 0 1.7326095e+07 1039.73071796 1039.73071796}
2025/07/12 11:22:31 streamdata.go:16: action=StreamIngestionData, {BTC_JPY RUNNING 2025-07-12T02:22:30.4182287Z 18972240 1.73208e+07 1.7326696e+07 0.0402 0.04 267.59459791 170.44795394 0 0 1.7326095e+07 1039.73071796 1039.73071796}
2025/07/12 11:22:32 streamdata.go:16: action=StreamIngestionData, {BTC_JPY RUNNING 2025-07-12T02:22:30.8048152Z 18972261 1.73208e+07 1.73263e+07 0.0402 0.2883 267.66999791 170.75894778 0 0 1.7326095e+07 1039.72071796 1039.72071796}
2025/07/12 11:22:32 streamdata.go:16: action=StreamIngestionData, {BTC_JPY RUNNING 2025-07-12T02:22:31.4391056Z 18972280 1.7320718e+07 1.7326099e+07 0.01 0.04 267.59459791 171.06218771 0 0 1.7326095e+07 1039.72071796 1039.72071796}
2025/07/12 11:22:33 streamdata.go:16: action=StreamIngestionData, {BTC_JPY RUNNING 2025-07-12T02:22:31.9665001Z 18972295 1.7320718e+07 1.7326096e+07 0.01 0.06 267.55999791 171.01490208 0 0 1.7326095e+07 1039.72071796 1039.72071796}
2025/07/12 11:22:33 streamdata.go:16: action=StreamIngestionData, {BTC_JPY RUNNING 2025-07-12T02:22:32.4352199Z 18972310 1.7320718e+07 1.7326092e+07 0.01 0.02 267.70459791 171.04130727 0 0 1.7326095e+07 1039.72071796 1039.72071796}
2025/07/12 11:22:34 streamdata.go:16: action=StreamIngestionData, {BTC_JPY RUNNING 2025-07-12T02:22:33.061877Z 18972327 1.7320719e+07 1.7326096e+07 0.050821 0.02 267.59474617 171.03590727 0 0 1.7326095e+07 1039.72071796 1039.72071796}
2025/07/12 11:22:34 streamdata.go:16: action=StreamIngestionData, {BTC_JPY RUNNING 2025-07-12T02:22:33.5708964Z 18972356 1.7320719e+07 1.7326093e+07 0.050821 0.02 267.55014617 170.99430727 0 0 1.7326095e+07 1039.72071796 1039.72071796}
2025/07/12 15:07:07 bitflyer.go:217: connecting to wss://ws.lightstream.bitflyer.com/json-rpc
2025/07/12 15:07:07 streamdata.go:16: action=StreamIngestionData, {BTC_JPY RUNNING 2025-07-12T06:07:06.6955128Z 19190782 1.73023e+07 1.73083e+07 0.0779 0.03710875 265.28450447 169.43711236 0 0 1.73083e+07 756.89364138 756.89364138}
2025/07/12 15:07:08 streamdata.go:16: action=StreamIngestionData, {BTC_JPY RUNNING 2025-07-12T06:07:07.2296038Z 19190808 1.7301403e+07 1.7308299e+07 0.02 0.02 265.26696557 169.74541236 0 0 1.73083e+07 756.89364138 756.89364138}
2025/07/12 15:07:08 streamdata.go:16: action=StreamIngestionData, {BTC_JPY RUNNING 2025-07-12T06:07:07.7373322Z 19190824 1.7301415e+07 1.7308299e+07 0.0302 0.02 265.37294757 169.75523176 0 0 1.73083e+07 756.89364138 756.89364138}
2025/07/12 15:07:09 streamdata.go:16: action=StreamIngestionData, {BTC_JPY RUNNING 2025-07-12T06:07:08.3689186Z 19190842 1.7301418e+07 1.7308298e+07 0.02 0.01 265.38886557 169.73376501 0 0 1.73083e+07 756.89364138 756.89364138}
2025/07/12 15:07:10 streamdata.go:16: action=StreamIngestionData, {BTC_JPY RUNNING 2025-07-12T06:07:08.8610924Z 19190859 1.7300897e+07 1.7308299e+07 0.08521 0.03 265.25886557 169.48746752 0 0 1.73083e+07 756.85080138 756.85080138}
2025/07/12 15:07:10 streamdata.go:16: action=StreamIngestionData, {BTC_JPY RUNNING 2025-07-12T06:07:09.358881Z 19190864 1.73009e+07 1.7308299e+07 0.02 0.02 265.28664877 169.76576752 0 0 1.73083e+07 756.83080138 756.83080138}
2025/07/12 15:07:11 streamdata.go:16: action=StreamIngestionData, {BTC_JPY RUNNING 2025-07-12T06:07:09.8084498Z 19190869 1.73009e+07 1.7308299e+07 0.02 0.02 265.20874877 169.18916752 0 0 1.7308298e+07 756.84080138 756.84080138}
2025/07/12 15:07:11 streamdata.go:16: action=StreamIngestionData, {BTC_JPY RUNNING 2025-07-12T06:07:10.4854096Z 19190875 1.73009e+07 1.7308299e+07 0.02 0.02 264.92244877 169.1726353 0 0 1.7308298e+07 756.84080138 756.84080138}
2025/07/12 15:07:12 streamdata.go:16: action=StreamIngestionData, {BTC_JPY RUNNING 2025-07-12T06:07:11.1714395Z 19190882 1.73009e+07 1.73081e+07 0.02 0.2883 265.21074877 169.48669693 0 0 1.7308298e+07 756.84080138 756.84080138}
2025/07/12 15:07:12 streamdata.go:16: action=StreamIngestionData, {BTC_JPY RUNNING 2025-07-12T06:07:11.6640413Z 19190893 1.73009e+07 1.7308e+07 0.02 0.2883 265.29177197 169.7404174 0 0 1.7308298e+07 756.84080138 756.84080138}
2025/07/12 15:07:13 streamdata.go:16: action=StreamIngestionData, {BTC_JPY RUNNING 2025-07-12T06:07:12.2446379Z 19190902 1.73009e+07 1.7307999e+07 0.02 0.02 265.25406337 169.7665299 0 0 1.7308298e+07 756.84080138 756.84080138}
2025/07/12 15:07:14 streamdata.go:16: action=StreamIngestionData, {BTC_JPY RUNNING 2025-07-12T06:07:12.8109328Z 19190906 1.73009e+07 1.7307999e+07 0.02 0.02 265.25606337 169.7675299 0 0 1.7308298e+07 756.84080138 756.84080138}
2025/07/12 15:07:14 streamdata.go:16: action=StreamIngestionData, {BTC_JPY RUNNING 2025-07-12T06:07:13.3669369Z 19190911 1.73009e+07 1.7308e+07 0.02 0.2883 265.35754567 169.7255299 0 0 1.7308298e+07 756.83792477 756.83792477}
2025/07/12 15:07:15 streamdata.go:16: action=StreamIngestionData, {BTC_JPY RUNNING 2025-07-12T06:07:13.8756273Z 19190919 1.7300923e+07 1.7307999e+07 0.0329 0.02 265.32029137 169.7675299 0 0 1.7308298e+07 756.82792477 756.82792477}
2025/07/12 15:07:15 streamdata.go:16: action=StreamIngestionData, {BTC_JPY RUNNING 2025-07-12T06:07:14.4455804Z 19190927 1.7300926e+07 1.7308e+07 0.02 0.2883 265.28896217 169.7485299 0 0 1.7308298e+07 756.82792477 756.82792477}
2025/07/12 15:07:16 streamdata.go:16: action=StreamIngestionData, {BTC_JPY RUNNING 2025-07-12T06:07:15.0259893Z 19190930 1.7300926e+07 1.7307999e+07 0.02 0.02 265.28896217 169.7685299 0 0 1.7308298e+07 756.82792477 756.82792477}
2025/07/12 15:07:16 streamdata.go:16: action=StreamIngestionData, {BTC_JPY RUNNING 2025-07-12T06:07:15.5826667Z 19190937 1.7300935e+07 1.7308e+07 0.0324 0.2883 265.54268017 169.7495299 0 0 1.7307999e+07 756.83792477 756.83792477}
2025/07/12 15:07:17 streamdata.go:16: action=StreamIngestionData, {BTC_JPY RUNNING 2025-07-12T06:07:16.2001443Z 19190964 1.7297903e+07 1.7307999e+07 0.02 0.02 265.15210132 169.7695299 0 0 1.72979e+07 757.21802477 757.21802477}
2025/07/12 15:07:17 streamdata.go:16: action=StreamIngestionData, {BTC_JPY RUNNING 2025-07-12T06:07:16.794106Z 19190980 1.729996e+07 1.7307999e+07 0.02 0.02 265.26913365 169.7814299 0 0 1.72979e+07 757.21192182 757.21192182}
2025/07/12 15:07:18 streamdata.go:16: action=StreamIngestionData, {BTC_JPY RUNNING 2025-07-12T06:07:17.3323869Z 19190985 1.729996e+07 1.7307999e+07 0.02 0.02 265.25518565 169.7809371 0 0 1.72979e+07 757.20438982 757.20438982}
2025/07/12 15:07:19 streamdata.go:16: action=StreamIngestionData, {BTC_JPY RUNNING 2025-07-12T06:07:17.8554668Z 19190994 1.7299976e+07 1.7307999e+07 0.0302 0.02 265.23868765 169.7809371 0 0 1.72979e+07 757.20438982 757.20438982}
2025/07/12 15:07:19 streamdata.go:16: action=StreamIngestionData, {BTC_JPY RUNNING 2025-07-12T06:07:18.5802182Z 19191006 1.73005e+07 1.7308e+07 0.3662 0.2883 265.53083725 169.7513683 0 0 1.72979e+07 757.19791067 757.19791067}
2025/07/12 15:07:20 streamdata.go:16: action=StreamIngestionData, {BTC_JPY RUNNING 2025-07-12T06:07:19.2869174Z 19191013 1.7300501e+07 1.7308e+07 0.22 0.2883 265.60083725 169.7622011 0 0 1.72979e+07 757.19791067 757.19791067}
2025/07/12 15:07:20 streamdata.go:16: action=StreamIngestionData, {BTC_JPY RUNNING 2025-07-12T06:07:19.7668494Z 19191024 1.7300517e+07 1.7307999e+07 0.0057808 0.02 265.49661805 169.7822011 0 0 1.72979e+07 757.19791067 757.19791067}
2025/07/12 15:07:21 streamdata.go:16: action=StreamIngestionData, {BTC_JPY RUNNING 2025-07-12T06:07:20.3597549Z 19191035 1.7300521e+07 1.7307999e+07 0.02 0.02 265.45183725 169.7822011 0 0 1.72979e+07 757.19791067 757.19791067}
2025/07/12 15:07:22 streamdata.go:16: action=StreamIngestionData, {BTC_JPY RUNNING 2025-07-12T06:07:20.9741739Z 19191057 1.7300534e+07 1.73081e+07 0.0057808 0.2883 264.08098355 168.17991445 0 0 1.72979e+07 757.19791067 757.19791067}
2025/07/12 15:07:22 streamdata.go:16: action=StreamIngestionData, {BTC_JPY RUNNING 2025-07-12T06:07:21.4875407Z 19191077 1.7300534e+07 1.73083e+07 0.0057808 0.03710875 264.1169384 168.59582629 0 0 1.72979e+07 757.19791067 757.19791067}
2025/07/12 15:07:23 streamdata.go:16: action=StreamIngestionData, {BTC_JPY RUNNING 2025-07-12T06:07:22.0137885Z 19191097 1.7300542e+07 1.73083e+07 0.0304 0.03710875 264.09236539 169.45671693 0 0 1.72979e+07 757.19791067 757.19791067}
2025/07/12 15:07:23 streamdata.go:16: action=StreamIngestionData, {BTC_JPY RUNNING 2025-07-12T06:07:22.5232571Z 19191118 1.7300542e+07 1.73083e+07 0.0304 0.03710875 264.11001667 169.76020183 0 0 1.72979e+07 757.19506484 757.19506484}
2025/07/12 15:07:24 streamdata.go:16: action=StreamIngestionData, {BTC_JPY RUNNING 2025-07-12T06:07:23.1681533Z 19191140 1.730057e+07 1.73083e+07 0.0312 0.03710875 264.36662714 169.77477515 0 0 1.72979e+07 757.19506484 757.19506484}
2025/07/12 15:07:25 streamdata.go:16: action=StreamIngestionData, {BTC_JPY RUNNING 2025-07-12T06:07:23.7337246Z 19191166 1.7300572e+07 1.73083e+07 0.0111144 0.03710875 265.76041914 169.67161322 0 0 1.730057e+07 757.20506484 757.20506484}
2025/07/12 15:07:25 streamdata.go:16: action=StreamIngestionData, {BTC_JPY RUNNING 2025-07-12T06:07:24.3158055Z 19191196 1.7300576e+07 1.73083e+07 0.02 0.03710875 265.88848357 169.61015378 0 0 1.730057e+07 757.20506484 757.20506484}
2025/07/12 15:07:26 streamdata.go:16: action=StreamIngestionData, {BTC_JPY RUNNING 2025-07-12T06:07:24.818488Z 19191221 1.7300585e+07 1.73083e+07 0.011396 0.03710875 265.74633237 169.7015284 0 0 1.730057e+07 757.20506484 757.20506484}
2025/07/12 15:07:26 server.go:3489: http: panic serving [::1]:35788: runtime error: invalid memory address or nil pointer dereference
goroutine 23 [running]:
net/http.(*conn).serve.func1()
	/usr/lib/go-1.23/src/net/http/server.go:1947 +0xbe
panic({0x8e2f60?, 0xc8d920?})
	/usr/lib/go-1.23/src/runtime/panic.go:785 +0x132
gotrading/app/controllers.viewChartHandler({0x9f8068, 0xc0002f00e0}, 0xc000071b38?)
	/home/uta-s-dao/practice/gotrading/app/controllers/webserver.go:26 +0x7e
net/http.HandlerFunc.ServeHTTP(0xcd9ce0?, {0x9f8068?, 0xc0002f00e0?}, 0x7439f6?)
	/usr/lib/go-1.23/src/net/http/server.go:2220 +0x29
net/http.(*ServeMux).ServeHTTP(0x46bfd9?, {0x9f8068, 0xc0002f00e0}, 0xc0002c08c0)
	/usr/lib/go-1.23/src/net/http/server.go:2747 +0x1ca
net/http.serverHandler.ServeHTTP({0xc000429470?}, {0x9f8068?, 0xc0002f00e0?}, 0x6?)
	/usr/lib/go-1.23/src/net/http/server.go:3210 +0x8e
net/http.(*conn).serve(0xc000464a20, {0x9f87d0, 0xc00012de90})
	/usr/lib/go-1.23/src/net/http/server.go:2092 +0x5d0
created by net/http.(*Server).Serve in goroutine 1
	/usr/lib/go-1.23/src/net/http/server.go:3360 +0x485
2025/07/12 15:07:26 server.go:3489: http: panic serving [::1]:35792: runtime error: invalid memory address or nil pointer dereference
goroutine 24 [running]:
net/http.(*conn).serve.func1()
	/usr/lib/go-1.23/src/net/http/server.go:1947 +0xbe
panic({0x8e2f60?, 0xc8d920?})
	/usr/lib/go-1.23/src/runtime/panic.go:785 +0x132
gotrading/app/controllers.viewChartHandler({0x9f8068, 0xc0002f02a0}, 0xc000073b38?)
	/home/uta-s-dao/practice/gotrading/app/controllers/webserver.go:26 +0x7e
net/http.HandlerFunc.ServeHTTP(0xcd9ce0?, {0x9f8068?, 0xc0002f02a0?}, 0x7439f6?)
	/usr/lib/go-1.23/src/net/http/server.go:2220 +0x29
net/http.(*ServeMux).ServeHTTP(0x46bfd9?, {0x9f8068, 0xc0002f02a0}, 0xc00043c8c0)
	/usr/lib/go-1.23/src/net/http/server.go:2747 +0x1ca
net/http.serverHandler.ServeHTTP({0xc000429560?}, {0x9f8068?, 0xc0002f02a0?}, 0x6?)
	/usr/lib/go-1.23/src/net/http/server.go:3210 +0x8e
net/http.(*conn).serve(0xc000464ab0, {0x9f87d0, 0xc00012de90})
	/usr/lib/go-1.23/src/net/http/server.go:2092 +0x5d0
created by net/http.(*Server).Serve in goroutine 1
	/usr/lib/go-1.23/src/net/http/server.go:3360 +0x485
2025/07/12 15:07:26 server.go:3489: http: panic serving [::1]:35796: runtime error: invalid memory address or nil pointer dereference
goroutine 37 [running]:
net/http.(*conn).serve.func1()
	/usr/lib/go-1.23/src/net/http/server.go:1947 +0xbe
panic({0x8e2f60?, 0xc8d920?})
	/usr/lib/go-1.23/src/runtime/panic.go:785 +0x132
gotrading/app/controllers.viewChartHandler({0x9f8068, 0xc0002f0460}, 0xc000073b38?)
	/home/uta-s-dao/practice/gotrading/app/controllers/webserver.go:26 +0x7e
net/http.HandlerFunc.ServeHTTP(0xcd9ce0?, {0x9f8068?, 0xc0002f0460?}, 0x7439f6?)
	/usr/lib/go-1.23/src/net/http/server.go:2220 +0x29
net/http.(*ServeMux).ServeHTTP(0x46bfd9?, {0x9f8068, 0xc0002f0460}, 0xc0002c0a00)
	/usr/lib/go-1.23/src/net/http/server.go:2747 +0x1ca
net/http.serverHandler.ServeHTTP({0xc0002cb860?}, {0x9f8068?, 0xc0002f0460?}, 0x6?)
	/usr/lib/go-1.23/src/net/http/server.go:3210 +0x8e
net/http.(*conn).serve(0xc0000a0ea0, {0x9f87d0, 0xc00012de90})
	/usr/lib/go-1.23/src/net/http/server.go:2092 +0x5d0
created by net/http.(*Server).Serve in goroutine 1
	/usr/lib/go-1.23/src/net/http/server.go:3360 +0x485
2025/07/12 15:07:26 streamdata.go:16: action=StreamIngestionData, {BTC_JPY RUNNING 2025-07-12T06:07:25.4358258Z 19191249 1.7300594e+07 1.73083e+07 0.06 0.03710875 265.37938277 169.62464308 0 0 1.730057e+07 757.20506484 757.20506484}
2025/07/12 15:07:27 streamdata.go:16: action=StreamIngestionData, {BTC_JPY RUNNING 2025-07-12T06:07:25.9762069Z 19191280 1.7304017e+07 1.73083e+07 0.08521 0.01710875 265.72719357 169.62655177 0 0 1.73083e+07 757.22506484 757.22506484}
2025/07/12 15:07:27 server.go:3489: http: panic serving [::1]:35806: runtime error: invalid memory address or nil pointer dereference
goroutine 9 [running]:
net/http.(*conn).serve.func1()
	/usr/lib/go-1.23/src/net/http/server.go:1947 +0xbe
panic({0x8e2f60?, 0xc8d920?})
	/usr/lib/go-1.23/src/runtime/panic.go:785 +0x132
gotrading/app/controllers.viewChartHandler({0x9f8068, 0xc00033c0e0}, 0xc000073b38?)
	/home/uta-s-dao/practice/gotrading/app/controllers/webserver.go:26 +0x7e
net/http.HandlerFunc.ServeHTTP(0xcd9ce0?, {0x9f8068?, 0xc00033c0e0?}, 0x7439f6?)
	/usr/lib/go-1.23/src/net/http/server.go:2220 +0x29
net/http.(*ServeMux).ServeHTTP(0x46bfd9?, {0x9f8068, 0xc00033c0e0}, 0xc000158000)
	/usr/lib/go-1.23/src/net/http/server.go:2747 +0x1ca
net/http.serverHandler.ServeHTTP({0xc000428030?}, {0x9f8068?, 0xc00033c0e0?}, 0x6?)
	/usr/lib/go-1.23/src/net/http/server.go:3210 +0x8e
net/http.(*conn).serve(0xc0000a0360, {0x9f87d0, 0xc00012de90})
	/usr/lib/go-1.23/src/net/http/server.go:2092 +0x5d0
created by net/http.(*Server).Serve in goroutine 1
	/usr/lib/go-1.23/src/net/http/server.go:3360 +0x485
2025/07/12 15:07:27 streamdata.go:16: action=StreamIngestionData, {BTC_JPY RUNNING 2025-07-12T06:07:26.5889711Z 19191314 1.7304021e+07 1.73083e+07 0.09 0.00710875 265.04614097 169.05170658 0 0 1.73083e+07 757.21267347 757.21267347}
2025/07/12 15:07:28 streamdata.go:16: action=StreamIngestionData, {BTC_JPY RUNNING 2025-07-12T06:07:27.2140525Z 19191336 1.7304024e+07 1.73083e+07 0.09 0.00710875 265.28283985 169.06330658 0 0 1.73083e+07 757.21267347 757.21267347}
2025/07/12 15:07:29 streamdata.go:16: action=StreamIngestionData, {BTC_JPY RUNNING 2025-07-12T06:07:27.7692855Z 19191352 1.7304039e+07 1.73083e+07 0.0057777 0.00710875 265.40837255 169.05070658 0 0 1.73083e+07 757.2032509 757.2032509}
2025/07/12 15:07:29 streamdata.go:16: action=StreamIngestionData, {BTC_JPY RUNNING 2025-07-12T06:07:28.1725272Z 19191376 1.7304401e+07 1.73083e+07 0.03 0.00710875 265.60889235 169.63812248 0 0 1.73083e+07 757.2032509 757.2032509}
2025/07/12 15:07:30 streamdata.go:16: action=StreamIngestionData, {BTC_JPY RUNNING 2025-07-12T06:07:28.8149308Z 19191400 1.7304404e+07 1.7314422e+07 0.22 0.0111408 265.79311465 166.23082711 0 0 1.73083e+07 757.19035965 757.19035965}
2025/07/12 15:07:30 streamdata.go:16: action=StreamIngestionData, {BTC_JPY RUNNING 2025-07-12T06:07:29.3757712Z 19191435 1.7304436e+07 1.7318895e+07 0.0057773 0.02853405 265.88772586 168.86244661 0 0 1.73083e+07 757.19035965 757.19035965}
2025/07/12 15:07:31 streamdata.go:16: action=StreamIngestionData, {BTC_JPY RUNNING 2025-07-12T06:07:29.8885047Z 19191451 1.7304436e+07 1.7318895e+07 0.0057773 0.02853405 265.97036376 168.73280676 0 0 1.73083e+07 757.19035965 757.19035965}
2025/07/12 15:07:31 streamdata.go:16: action=StreamIngestionData, {BTC_JPY RUNNING 2025-07-12T06:07:30.5278786Z 19191473 1.7304457e+07 1.7318893e+07 0.0307 0.010956 265.90886046 169.81104956 0 0 1.73083e+07 757.19035965 757.19035965}
2025/07/12 15:07:32 streamdata.go:16: action=StreamIngestionData, {BTC_JPY RUNNING 2025-07-12T06:07:31.0995325Z 19191498 1.7314422e+07 1.7318892e+07 0.00710875 0.02595895 265.96155017 169.81828786 0 0 1.73083e+07 757.19035965 757.19035965}
2025/07/12 15:07:32 streamdata.go:16: action=StreamIngestionData, {BTC_JPY RUNNING 2025-07-12T06:07:31.6456224Z 19191521 1.7314422e+07 1.7318892e+07 0.00710875 0.02595895 265.66041486 168.62713986 0 0 1.73083e+07 757.19035965 757.19035965}
2025/07/12 15:07:33 streamdata.go:16: action=StreamIngestionData, {BTC_JPY RUNNING 2025-07-12T06:07:32.1535963Z 19191543 1.7314422e+07 1.731889e+07 0.00710875 0.02582716 265.38098508 168.94654567 0 0 1.73083e+07 757.19035965 757.19035965}
2025/07/12 15:07:33 streamdata.go:16: action=StreamIngestionData, {BTC_JPY RUNNING 2025-07-12T06:07:32.6646219Z 19191566 1.7314422e+07 1.7318884e+07 0.00710875 0.0098139 265.38610778 168.97940777 0 0 1.73083e+07 757.19035965 757.19035965}
2025/07/12 15:07:34 server.go:3489: http: panic serving [::1]:35818: runtime error: invalid memory address or nil pointer dereference
goroutine 62 [running]:
net/http.(*conn).serve.func1()
	/usr/lib/go-1.23/src/net/http/server.go:1947 +0xbe
panic({0x8e2f60?, 0xc8d920?})
	/usr/lib/go-1.23/src/runtime/panic.go:785 +0x132
gotrading/app/controllers.viewChartHandler({0x9f8068, 0xc00033c1c0}, 0xc00018bb38?)
	/home/uta-s-dao/practice/gotrading/app/controllers/webserver.go:26 +0x7e
net/http.HandlerFunc.ServeHTTP(0xcd9ce0?, {0x9f8068?, 0xc00033c1c0?}, 0x7439f6?)
	/usr/lib/go-1.23/src/net/http/server.go:2220 +0x29
net/http.(*ServeMux).ServeHTTP(0x46bfd9?, {0x9f8068, 0xc00033c1c0}, 0xc0000a4000)
	/usr/lib/go-1.23/src/net/http/server.go:2747 +0x1ca
net/http.serverHandler.ServeHTTP({0xc00012c3c0?}, {0x9f8068?, 0xc00033c1c0?}, 0x6?)
	/usr/lib/go-1.23/src/net/http/server.go:3210 +0x8e
net/http.(*conn).serve(0xc000002000, {0x9f87d0, 0xc00012de90})
	/usr/lib/go-1.23/src/net/http/server.go:2092 +0x5d0
created by net/http.(*Server).Serve in goroutine 1
	/usr/lib/go-1.23/src/net/http/server.go:3360 +0x485
2025/07/12 15:07:34 server.go:3489: http: panic serving [::1]:56840: runtime error: invalid memory address or nil pointer dereference
goroutine 28 [running]:
net/http.(*conn).serve.func1()
	/usr/lib/go-1.23/src/net/http/server.go:1947 +0xbe
panic({0x8e2f60?, 0xc8d920?})
	/usr/lib/go-1.23/src/runtime/panic.go:785 +0x132
gotrading/app/controllers.viewChartHandler({0x9f8068, 0xc00033c2a0}, 0xc00018bb38?)
	/home/uta-s-dao/practice/gotrading/app/controllers/webserver.go:26 +0x7e
net/http.HandlerFunc.ServeHTTP(0xcd9ce0?, {0x9f8068?, 0xc00033c2a0?}, 0x7439f6?)
	/usr/lib/go-1.23/src/net/http/server.go:2220 +0x29
net/http.(*ServeMux).ServeHTTP(0x46bfd9?, {0x9f8068, 0xc00033c2a0}, 0xc000158c80)
	/usr/lib/go-1.23/src/net/http/server.go:2747 +0x1ca
net/http.serverHandler.ServeHTTP({0xc000429c80?}, {0x9f8068?, 0xc00033c2a0?}, 0x6?)
	/usr/lib/go-1.23/src/net/http/server.go:3210 +0x8e
net/http.(*conn).serve(0xc00017f0e0, {0x9f87d0, 0xc00012de90})
	/usr/lib/go-1.23/src/net/http/server.go:2092 +0x5d0
created by net/http.(*Server).Serve in goroutine 1
	/usr/lib/go-1.23/src/net/http/server.go:3360 +0x485
2025/07/12 15:07:34 streamdata.go:16: action=StreamIngestionData, {BTC_JPY RUNNING 2025-07-12T06:07:33.2635368Z 19191590 1.7314422e+07 1.7318883e+07 0.00710875 0.02639117 265.02972948 169.54712178 0 0 1.7318884e+07 757.19610965 757.19610965}
2025/07/12 15:07:35 streamdata.go:16: action=StreamIngestionData, {BTC_JPY RUNNING 2025-07-12T06:07:33.7870301Z 19191602 1.7314422e+07 1.7318883e+07 0.00710875 0.02639117 265.28762928 169.54846435 0 0 1.7318884e+07 757.19610965 757.19610965}
2025/07/12 15:07:35 streamdata.go:16: action=StreamIngestionData, {BTC_JPY RUNNING 2025-07-12T06:07:34.2515817Z 19191610 1.7314422e+07 1.7318883e+07 0.00710875 0.02639117 265.09780758 169.52646435 0 0 1.7318884e+07 757.19610965 757.19610965}
2025/07/12 15:07:36 streamdata.go:16: action=StreamIngestionData, {BTC_JPY RUNNING 2025-07-12T06:07:34.868149Z 19191637 1.7309781e+07 1.73183e+07 0.02 0.2883 263.90554623 169.83768515 0 0 1.7318884e+07 757.14610965 757.14610965}
2025/07/12 15:07:36 streamdata.go:16: action=StreamIngestionData, {BTC_JPY RUNNING 2025-07-12T06:07:35.4140501Z 19191659 1.7309784e+07 1.7318298e+07 0.02 0.0110704 263.72782423 169.85309333 0 0 1.7318884e+07 757.14610965 757.14610965}
2025/07/12 15:07:37 streamdata.go:16: action=StreamIngestionData, {BTC_JPY RUNNING 2025-07-12T06:07:35.9061284Z 19191681 1.73066e+07 1.7318297e+07 0.0109 0.02 263.74791123 169.58072943 0 0 1.7318884e+07 757.14610965 757.14610965}
2025/07/12 15:07:37 streamdata.go:16: action=StreamIngestionData, {BTC_JPY RUNNING 2025-07-12T06:07:36.4757501Z 19191716 1.730749e+07 1.7318295e+07 0.06 0.0112464 263.60045503 169.58091423 0 0 1.7318884e+07 757.14610965 757.14610965}
2025/07/12 15:07:38 streamdata.go:16: action=StreamIngestionData, {BTC_JPY RUNNING 2025-07-12T06:07:37.0327149Z 19191742 1.7307724e+07 1.7318295e+07 0.2 0.0112464 264.03652154 169.85829343 0 0 1.7318884e+07 757.14610965 757.14610965}
2025/07/12 15:07:38 streamdata.go:16: action=StreamIngestionData, {BTC_JPY RUNNING 2025-07-12T06:07:37.6391331Z 19191764 1.7307731e+07 1.7318295e+07 0.0313 0.0112464 264.04402264 169.85779178 0 0 1.7318884e+07 757.14610965 757.14610965}
2025/07/12 15:07:39 streamdata.go:16: action=StreamIngestionData, {BTC_JPY RUNNING 2025-07-12T06:07:38.0992664Z 19191777 1.7307733e+07 1.7318295e+07 0.09 0.0112464 264.24355194 169.85779178 0 0 1.7318884e+07 757.14610965 757.14610965}
2025/07/12 15:07:39 streamdata.go:16: action=StreamIngestionData, {BTC_JPY RUNNING 2025-07-12T06:07:38.6856353Z 19191807 1.7307767e+07 1.7318294e+07 0.26 0.02 265.60977126 169.22879655 0 0 1.7318884e+07 757.14610965 757.14610965}
2025/07/12 15:07:40 streamdata.go:16: action=StreamIngestionData, {BTC_JPY RUNNING 2025-07-12T06:07:39.3052964Z 19191840 1.73088e+07 1.7318294e+07 0.2883 0.02 265.42554666 169.37014574 0 0 1.7318884e+07 757.14610965 757.14610965}
2025/07/12 15:07:41 streamdata.go:16: action=StreamIngestionData, {BTC_JPY RUNNING 2025-07-12T06:07:39.7570521Z 19191865 1.7308834e+07 1.7318294e+07 0.0098205 0.01 265.05370962 168.82554574 0 0 1.7318294e+07 757.15610965 757.15610965}
2025/07/12 15:07:41 streamdata.go:16: action=StreamIngestionData, {BTC_JPY RUNNING 2025-07-12T06:07:40.3379616Z 19191890 1.7308838e+07 1.7318294e+07 0.02 0.01 265.13800381 168.81832944 0 0 1.7318294e+07 757.15610965 757.15610965}
2025/07/12 15:48:07 bitflyer.go:217: connecting to wss://ws.lightstream.bitflyer.com/json-rpc
2025/07/12 15:48:08 streamdata.go:16: action=StreamIngestionData, {BTC_JPY RUNNING 2025-07-12T06:48:06.9443239Z 19234033 1.732961e+07 1.7333198e+07 0.23015123 0.08507 269.33961826 162.1451906 0 0 1.7332953e+07 739.61730874 739.61730874}
2025/07/12 15:48:08 streamdata.go:16: action=StreamIngestionData, {BTC_JPY RUNNING 2025-07-12T06:48:07.4690928Z 19234045 1.7329613e+07 1.7333198e+07 0.03015123 0.08507 269.11761826 162.1451906 0 0 1.7332953e+07 739.11730874 739.11730874}
2025/07/12 15:48:09 streamdata.go:16: action=StreamIngestionData, {BTC_JPY RUNNING 2025-07-12T06:48:07.9947173Z 19234057 1.7329615e+07 1.7333198e+07 0.03015123 0.08507 269.24461826 162.1451906 0 0 1.7332953e+07 739.11730874 739.11730874}
2025/07/12 15:48:09 streamdata.go:16: action=StreamIngestionData, {BTC_JPY RUNNING 2025-07-12T06:48:08.5336065Z 19234069 1.7329617e+07 1.7333198e+07 0.03015123 0.08507 269.13661826 162.1451906 0 0 1.7332953e+07 739.11730874 739.11730874}
2025/07/12 15:48:10 streamdata.go:16: action=StreamIngestionData, {BTC_JPY RUNNING 2025-07-12T06:48:09.0886052Z 19234086 1.7329622e+07 1.7333198e+07 0.02 0.08507 269.15561826 162.3528906 0 0 1.7332953e+07 739.11730874 739.11730874}
2025/07/12 15:48:10 streamdata.go:16: action=StreamIngestionData, {BTC_JPY RUNNING 2025-07-12T06:48:09.709793Z 19234099 1.732962e+07 1.7333198e+07 0.02 0.08507 269.23746703 162.77525663 0 0 1.7332953e+07 739.11730874 739.11730874}
2025/07/12 15:48:11 streamdata.go:16: action=StreamIngestionData, {BTC_JPY RUNNING 2025-07-12T06:48:10.3791252Z 19234129 1.7329622e+07 1.7333198e+07 0.03015123 0.08507 269.14175026 162.72574124 0 0 1.7332953e+07 739.11730874 739.11730874}
2025/07/12 15:48:12 streamdata.go:16: action=StreamIngestionData, {BTC_JPY RUNNING 2025-07-12T06:48:10.9818104Z 19234142 1.7329631e+07 1.7333198e+07 0.03015123 0.08507 269.33085026 162.75576572 0 0 1.7332953e+07 739.11730874 739.11730874}
2025/07/12 15:48:12 streamdata.go:16: action=StreamIngestionData, {BTC_JPY RUNNING 2025-07-12T06:48:11.6625726Z 19234162 1.7329633e+07 1.7333198e+07 0.03015123 0.08507 269.26665826 162.56376572 0 0 1.7332953e+07 739.11730874 739.11730874}
2025/07/12 15:48:13 streamdata.go:16: action=StreamIngestionData, {BTC_JPY RUNNING 2025-07-12T06:48:12.1565027Z 19234175 1.7329638e+07 1.7333198e+07 0.02 0.08507 269.15027244 162.56376572 0 0 1.7332953e+07 739.11730874 739.11730874}
2025/07/12 15:48:14 streamdata.go:16: action=StreamIngestionData, {BTC_JPY RUNNING 2025-07-12T06:48:12.7456552Z 19234194 1.7329644e+07 1.7333198e+07 0.02 0.08507 269.25249734 162.75576572 0 0 1.7332953e+07 739.11730874 739.11730874}
2025/07/12 15:48:14 streamdata.go:16: action=StreamIngestionData, {BTC_JPY RUNNING 2025-07-12T06:48:13.4011792Z 19234211 1.7329648e+07 1.7333198e+07 0.03015123 0.08507 269.15264857 162.75576572 0 0 1.7332953e+07 739.11730874 739.11730874}
2025/07/12 15:48:15 streamdata.go:16: action=StreamIngestionData, {BTC_JPY RUNNING 2025-07-12T06:48:13.9561056Z 19234221 1.7329642e+07 1.7333198e+07 0.02 0.08507 269.14249734 162.75576572 0 0 1.7332953e+07 739.11730874 739.11730874}
2025/07/12 15:48:15 streamdata.go:16: action=StreamIngestionData, {BTC_JPY RUNNING 2025-07-12T06:48:14.4836923Z 19234233 1.732965e+07 1.7333198e+07 0.03015123 0.08507 269.25764857 162.75676572 0 0 1.7332953e+07 739.11730874 739.11730874}
2025/07/12 15:48:16 streamdata.go:16: action=StreamIngestionData, {BTC_JPY RUNNING 2025-07-12T06:48:15.2006916Z 19234247 1.7329654e+07 1.7333198e+07 0.25015123 0.08507 269.36764857 162.72226572 0 0 1.7332953e+07 739.11730874 739.11730874}
2025/07/12 15:48:16 streamdata.go:16: action=StreamIngestionData, {BTC_JPY RUNNING 2025-07-12T06:48:15.6563876Z 19234260 1.7329657e+07 1.7333198e+07 0.02 0.08507 269.14249734 162.52226572 0 0 1.7332953e+07 739.11730874 739.11730874}
2025/07/12 15:48:17 streamdata.go:16: action=StreamIngestionData, {BTC_JPY RUNNING 2025-07-12T06:48:16.2219627Z 19234275 1.7329651e+07 1.7333198e+07 0.017 0.08507 269.13049734 162.75676572 0 0 1.7332953e+07 739.11730874 739.11730874}
2025/07/12 15:48:18 streamdata.go:16: action=StreamIngestionData, {BTC_JPY RUNNING 2025-07-12T06:48:16.809053Z 19234291 1.73292e+07 1.7333198e+07 0.0109 0.08507 268.82855774 162.75376572 0 0 1.7332953e+07 739.11730874 739.11730874}
2025/07/12 15:48:48 bitflyer.go:217: connecting to wss://ws.lightstream.bitflyer.com/json-rpc
2025/07/12 15:48:49 streamdata.go:16: action=StreamIngestionData, {BTC_JPY RUNNING 2025-07-12T06:48:47.9863879Z 19235328 1.7323304e+07 1.7329267e+07 0.02 0.02888308 269.22654221 163.08650299 0 0 1.7323814e+07 738.91181694 738.91181694}
2025/07/12 15:48:49 streamdata.go:16: action=StreamIngestionData, {BTC_JPY RUNNING 2025-07-12T06:48:48.6116319Z 19235340 1.7323303e+07 1.7329267e+07 0.02 0.02888308 269.50639098 163.07674059 0 0 1.7323814e+07 738.91181694 738.91181694}
2025/07/12 15:48:50 streamdata.go:16: action=StreamIngestionData, {BTC_JPY RUNNING 2025-07-12T06:48:49.1269407Z 19235350 1.7323307e+07 1.7329267e+07 0.02 0.02888308 269.53654241 163.07874059 0 0 1.7323814e+07 738.91181694 738.91181694}
2025/07/12 15:48:50 streamdata.go:16: action=StreamIngestionData, {BTC_JPY RUNNING 2025-07-12T06:48:49.667582Z 19235357 1.7323308e+07 1.7329267e+07 0.03015123 0.02888308 269.49654241 163.07974059 0 0 1.7323814e+07 738.91181694 738.91181694}
2025/07/12 15:48:51 streamdata.go:16: action=StreamIngestionData, {BTC_JPY RUNNING 2025-07-12T06:48:50.1898481Z 19235369 1.7323312e+07 1.7329267e+07 0.03015123 0.02888308 269.30766959 163.08174059 0 0 1.7323814e+07 738.91181694 738.91181694}
2025/07/12 15:48:52 streamdata.go:16: action=StreamIngestionData, {BTC_JPY RUNNING 2025-07-12T06:48:50.8303114Z 19235390 1.7323315e+07 1.7329268e+07 0.02 0.6 269.29029339 162.94596786 0 0 1.7323814e+07 738.91181694 738.91181694}
2025/07/12 15:48:52 streamdata.go:16: action=StreamIngestionData, {BTC_JPY RUNNING 2025-07-12T06:48:51.4087693Z 19235406 1.7323318e+07 1.7329268e+07 0.02 0.6 269.56229201 162.99841707 0 0 1.7323814e+07 738.89775409 738.89775409}
2025/07/12 15:48:53 streamdata.go:16: action=StreamIngestionData, {BTC_JPY RUNNING 2025-07-12T06:48:51.9641799Z 19235417 1.7323321e+07 1.7329268e+07 0.02 0.6 269.54910097 162.99841707 0 0 1.7323814e+07 738.87875409 738.87875409}
2025/07/12 15:48:53 streamdata.go:16: action=StreamIngestionData, {BTC_JPY RUNNING 2025-07-12T06:48:52.6626866Z 19235436 1.7323327e+07 1.7329268e+07 0.02 0.6 269.34169193 163.00041707 0 0 1.7323814e+07 738.82019409 738.82019409}
2025/07/12 15:48:54 streamdata.go:16: action=StreamIngestionData, {BTC_JPY RUNNING 2025-07-12T06:48:53.2813772Z 19235453 1.7323331e+07 1.7329268e+07 0.23015123 0.6 269.54169193 162.96791707 0 0 1.7323814e+07 738.82019409 738.82019409}
2025/07/12 15:48:55 streamdata.go:16: action=StreamIngestionData, {BTC_JPY RUNNING 2025-07-12T06:48:53.8315063Z 19235468 1.7323337e+07 1.7329268e+07 0.02 0.6 269.55182314 163.00241707 0 0 1.7323814e+07 738.81121313 738.81121313}
2025/07/12 15:48:55 streamdata.go:16: action=StreamIngestionData, {BTC_JPY RUNNING 2025-07-12T06:48:54.4594027Z 19235482 1.732334e+07 1.7329268e+07 0.02 0.6 269.33268951 162.96991707 0 0 1.7323814e+07 738.81121313 738.81121313}
2025/07/12 15:48:56 streamdata.go:16: action=StreamIngestionData, {BTC_JPY RUNNING 2025-07-12T06:48:54.9823378Z 19235495 1.7323346e+07 1.7329268e+07 0.02 0.6 269.36284074 162.96991707 0 0 1.7323814e+07 738.81121313 738.81121313}
2025/07/12 15:48:56 streamdata.go:16: action=StreamIngestionData, {BTC_JPY RUNNING 2025-07-12T06:48:55.516125Z 19235509 1.7323349e+07 1.7329268e+07 0.02 0.6 269.27683366 162.97101693 0 0 1.7323814e+07 738.81121313 738.81121313}
2025/07/12 15:48:57 streamdata.go:16: action=StreamIngestionData, {BTC_JPY RUNNING 2025-07-12T06:48:56.0752968Z 19235522 1.7323352e+07 1.7329268e+07 0.02 0.6 269.26188543 162.98101693 0 0 1.7323814e+07 738.81121313 738.81121313}
2025/07/12 15:48:57 streamdata.go:16: action=StreamIngestionData, {BTC_JPY RUNNING 2025-07-12T06:48:56.586581Z 19235539 1.7323356e+07 1.7329268e+07 0.02 0.6 269.31226876 162.98101693 0 0 1.7323814e+07 738.81121313 738.81121313}
2025/07/12 15:48:58 streamdata.go:16: action=StreamIngestionData, {BTC_JPY RUNNING 2025-07-12T06:48:57.1570404Z 19235554 1.7323359e+07 1.7329268e+07 0.02 0.6 269.52796276 162.98101693 0 0 1.7323814e+07 738.81121313 738.81121313}
2025/07/12 15:48:58 streamdata.go:16: action=StreamIngestionData, {BTC_JPY RUNNING 2025-07-12T06:48:57.6647577Z 19235578 1.7325e+07 1.7330442e+07 0.0109 0.02697758 269.32427391 162.69293693 0 0 1.7323814e+07 738.81121313 738.81121313}
2025/07/12 15:48:59 streamdata.go:16: action=StreamIngestionData, {BTC_JPY RUNNING 2025-07-12T06:48:58.1457969Z 19235603 1.7325e+07 1.7331554e+07 0.0109 0.02825636 268.74897867 162.63811011 0 0 1.7323814e+07 738.80800036 738.80800036}
2025/07/12 15:49:00 streamdata.go:16: action=StreamIngestionData, {BTC_JPY RUNNING 2025-07-12T06:48:58.7932364Z 19235630 1.7325003e+07 1.733155e+07 0.01 0.02830839 268.73182714 162.44939094 0 0 1.7325003e+07 738.81800036 738.81800036}
2025/07/12 15:49:00 streamdata.go:16: action=StreamIngestionData, {BTC_JPY RUNNING 2025-07-12T06:48:59.3119628Z 19235648 1.7325003e+07 1.7331911e+07 0.01 0.02966001 268.96185148 162.45074256 0 0 1.7325003e+07 738.80800036 738.80800036}
2025/07/12 15:49:01 streamdata.go:16: action=StreamIngestionData, {BTC_JPY RUNNING 2025-07-12T06:48:59.8780238Z 19235677 1.7325004e+07 1.7331099e+07 0.03015123 0.02859442 268.7356359 162.81609354 0 0 1.7325003e+07 738.80800036 738.80800036}
2025/07/12 15:49:01 streamdata.go:16: action=StreamIngestionData, {BTC_JPY RUNNING 2025-07-12T06:49:00.4029192Z 19235701 1.7325e+07 1.7331096e+07 0.0109 0.04816701 269.31221029 162.84066613 0 0 1.7325003e+07 738.80800036 738.80800036}
2025/07/12 15:49:02 streamdata.go:16: action=StreamIngestionData, {BTC_JPY RUNNING 2025-07-12T06:49:00.9371615Z 19235719 1.7325005e+07 1.7331093e+07 0.03015123 0.02 269.30239649 162.77136359 0 0 1.7325003e+07 738.80800036 738.80800036}
2025/07/12 15:49:02 streamdata.go:16: action=StreamIngestionData, {BTC_JPY RUNNING 2025-07-12T06:49:01.4036616Z 19235739 1.7325e+07 1.73306e+07 0.0109 0.0695 269.2846612 163.00219912 0 0 1.7325003e+07 738.75172226 738.75172226}
2025/07/12 15:49:03 streamdata.go:16: action=StreamIngestionData, {BTC_JPY RUNNING 2025-07-12T06:49:02.0129473Z 19235757 1.7325e+07 1.7330596e+07 0.0109 0.0278348 269.31481243 162.97553392 0 0 1.7325003e+07 738.72932313 738.72932313}
2025/07/12 15:49:03 streamdata.go:16: action=StreamIngestionData, {BTC_JPY RUNNING 2025-07-12T06:49:02.5520423Z 19235778 1.7325e+07 1.7330591e+07 0.0109 0.02 269.1660403 162.84002677 0 0 1.7325003e+07 738.72932313 738.72932313}
2025/07/12 15:49:04 streamdata.go:16: action=StreamIngestionData, {BTC_JPY RUNNING 2025-07-12T06:49:03.1659465Z 19235799 1.7325e+07 1.7330588e+07 0.0109 0.02 269.21824286 162.83962457 0 0 1.7325003e+07 738.62763119 738.62763119}
2025/07/12 15:49:04 streamdata.go:16: action=StreamIngestionData, {BTC_JPY RUNNING 2025-07-12T06:49:03.6274666Z 19235821 1.7325e+07 1.73306e+07 0.0109 0.0695 269.25563603 162.98219912 0 0 1.7325003e+07 738.62763119 738.62763119}
2025/07/12 15:49:05 streamdata.go:16: action=StreamIngestionData, {BTC_JPY RUNNING 2025-07-12T06:49:04.1822075Z 19235843 1.7325e+07 1.7330592e+07 0.0109 0.02797761 269.52138726 163.02017673 0 0 1.7325003e+07 738.27932313 738.27932313}
2025/07/12 15:49:06 streamdata.go:16: action=StreamIngestionData, {BTC_JPY RUNNING 2025-07-12T06:49:04.7496937Z 19235862 1.7325e+07 1.7330596e+07 0.0109 0.04746061 269.28878726 162.81545973 0 0 1.7325003e+07 738.27932313 738.27932313}
2025/07/12 15:49:06 streamdata.go:16: action=StreamIngestionData, {BTC_JPY RUNNING 2025-07-12T06:49:05.2878867Z 19235878 1.7325e+07 1.7330597e+07 0.0109 0.02 269.28878726 162.81590491 0 0 1.7325003e+07 738.25932313 738.25932313}
2025/07/12 15:49:07 streamdata.go:16: action=StreamIngestionData, {BTC_JPY RUNNING 2025-07-12T06:49:05.7317075Z 19235896 1.7325e+07 1.7330596e+07 0.0109 0.02 269.29423603 162.85052091 0 0 1.7325003e+07 738.24932313 738.24932313}
2025/07/12 15:49:07 streamdata.go:16: action=StreamIngestionData, {BTC_JPY RUNNING 2025-07-12T06:49:06.430328Z 19235925 1.7325e+07 1.733059e+07 0.0109 0.02 269.42424286 163.03979787 0 0 1.7325003e+07 738.24322313 738.24322313}
2025/07/12 15:49:08 streamdata.go:16: action=StreamIngestionData, {BTC_JPY RUNNING 2025-07-12T06:49:06.9534913Z 19235943 1.7325e+07 1.7330596e+07 0.0109 0.04752556 269.49431723 163.03972468 0 0 1.7325003e+07 738.24322313 738.24322313}
2025/07/12 15:49:08 streamdata.go:16: action=StreamIngestionData, {BTC_JPY RUNNING 2025-07-12T06:49:07.4635867Z 19235962 1.7325e+07 1.7330596e+07 0.0109 0.04788411 269.28341723 163.03008323 0 0 1.7325003e+07 738.23656312 738.23656312}
2025/07/12 15:49:09 streamdata.go:16: action=StreamIngestionData, {BTC_JPY RUNNING 2025-07-12T06:49:07.9890419Z 19235977 1.732471e+07 1.7330593e+07 0.03015123 0.02 269.52446846 162.71389912 0 0 1.7325003e+07 738.2232431 738.2232431}
2025/07/12 15:49:09 streamdata.go:16: action=StreamIngestionData, {BTC_JPY RUNNING 2025-07-12T06:49:08.5291392Z 19235995 1.7323902e+07 1.73298e+07 0.23015123 0.2883 269.52446846 162.92334712 0 0 1.7325003e+07 738.2232431 738.2232431}
2025/07/12 15:49:10 streamdata.go:16: action=StreamIngestionData, {BTC_JPY RUNNING 2025-07-12T06:49:09.128992Z 19236017 1.73239e+07 1.73294e+07 0.0109 0.0695 268.99620363 162.82924218 0 0 1.7325003e+07 738.2232431 738.2232431}
2025/07/12 15:49:10 streamdata.go:16: action=StreamIngestionData, {BTC_JPY RUNNING 2025-07-12T06:49:09.6599649Z 19236035 1.7323901e+07 1.7329397e+07 0.23015123 0.02 269.23616806 162.84892949 0 0 1.7325003e+07 738.1922431 738.1922431}
2025/07/12 15:49:11 streamdata.go:16: action=StreamIngestionData, {BTC_JPY RUNNING 2025-07-12T06:49:10.2297639Z 19236054 1.73239e+07 1.7329393e+07 0.0109 0.02554677 269.07076806 162.81419389 0 0 1.7325003e+07 738.1922431 738.1922431}
2025/07/12 15:49:12 streamdata.go:16: action=StreamIngestionData, {BTC_JPY RUNNING 2025-07-12T06:49:10.6961921Z 19236075 1.7323901e+07 1.7329388e+07 0.03015123 0.02 269.03483102 163.03831461 0 0 1.7325003e+07 738.1922431 738.1922431}
2025/07/12 15:49:12 streamdata.go:16: action=StreamIngestionData, {BTC_JPY RUNNING 2025-07-12T06:49:11.2996783Z 19236095 1.7323903e+07 1.7329397e+07 0.03015123 0.02 268.78253731 162.77834712 0 0 1.7325003e+07 738.1922431 738.1922431}
2025/07/12 15:49:13 streamdata.go:16: action=StreamIngestionData, {BTC_JPY RUNNING 2025-07-12T06:49:11.8959965Z 19236117 1.73239e+07 1.7329393e+07 0.0109 0.02 268.99627268 162.81315241 0 0 1.7325003e+07 738.1922431 738.1922431}
2025/07/12 15:49:13 streamdata.go:16: action=StreamIngestionData, {BTC_JPY RUNNING 2025-07-12T06:49:12.429992Z 19236137 1.73239e+07 1.7329392e+07 0.0109 0.02565932 269.32421589 163.01400644 0 0 1.7325003e+07 738.1922431 738.1922431}
2025/07/12 15:49:14 streamdata.go:16: action=StreamIngestionData, {BTC_JPY RUNNING 2025-07-12T06:49:12.963114Z 19236156 1.7323903e+07 1.7329388e+07 0.03015123 0.02581596 268.73789005 163.01416308 0 0 1.7325003e+07 738.1922431 738.1922431}
2025/07/12 15:51:11 server.go:3489: http: panic serving [::1]:53324: runtime error: invalid memory address or nil pointer dereference
goroutine 39 [running]:
net/http.(*conn).serve.func1()
	/usr/lib/go-1.23/src/net/http/server.go:1947 +0xbe
panic({0x8c11e0?, 0xc528f0?})
	/usr/lib/go-1.23/src/runtime/panic.go:785 +0x132
gotrading/app/controllers.viewChartHandler({0x9ce6c8, 0xc0001b80e0}, 0xc00018fb38?)
	/home/uta-s-dao/practice/gotrading/app/controllers/webserver.go:26 +0x7e
net/http.HandlerFunc.ServeHTTP(0xc9d8c0?, {0x9ce6c8?, 0xc0001b80e0?}, 0x731ff6?)
	/usr/lib/go-1.23/src/net/http/server.go:2220 +0x29
net/http.(*ServeMux).ServeHTTP(0x46bf19?, {0x9ce6c8, 0xc0001b80e0}, 0xc0001a8780)
	/usr/lib/go-1.23/src/net/http/server.go:2747 +0x1ca
net/http.serverHandler.ServeHTTP({0xc00019c4b0?}, {0x9ce6c8?, 0xc0001b80e0?}, 0x6?)
	/usr/lib/go-1.23/src/net/http/server.go:3210 +0x8e
net/http.(*conn).serve(0xc0001a02d0, {0x9cee30, 0xc0000a5dd0})
	/usr/lib/go-1.23/src/net/http/server.go:2092 +0x5d0
created by net/http.(*Server).Serve in goroutine 1
	/usr/lib/go-1.23/src/net/http/server.go:3360 +0x485
2025/07/12 15:51:12 server.go:3489: http: panic serving [::1]:53338: runtime error: invalid memory address or nil pointer dereference
goroutine 41 [running]:
net/http.(*conn).serve.func1()
	/usr/lib/go-1.23/src/net/http/server.go:1947 +0xbe
panic({0x8c11e0?, 0xc528f0?})
	/usr/lib/go-1.23/src/runtime/panic.go:785 +0x132
gotrading/app/controllers.viewChartHandler({0x9ce6c8, 0xc00014e000}, 0xc00006eb38?)
	/home/uta-s-dao/practice/gotrading/app/controllers/webserver.go:26 +0x7e
net/http.HandlerFunc.ServeHTTP(0xc9d8c0?, {0x9ce6c8?, 0xc00014e000?}, 0x731ff6?)
	/usr/lib/go-1.23/src/net/http/server.go:2220 +0x29
net/http.(*ServeMux).ServeHTTP(0x46bf19?, {0x9ce6c8, 0xc00014e000}, 0xc0001a88c0)
	/usr/lib/go-1.23/src/net/http/server.go:2747 +0x1ca
net/http.serverHandler.ServeHTTP({0xc00019c6c0?}, {0x9ce6c8?, 0xc00014e000?}, 0x6?)
	/usr/lib/go-1.23/src/net/http/server.go:3210 +0x8e
net/http.(*conn).serve(0xc0001a0480, {0x9cee30, 0xc0000a5dd0})
	/usr/lib/go-1.23/src/net/http/server.go:2092 +0x5d0
created by net/http.(*Server).Serve in goroutine 1
	/usr/lib/go-1.23/src/net/http/server.go:3360 +0x485
2025/07/12 15:51:12 server.go:3489: http: panic serving [::1]:53348: runtime error: invalid memory address or nil pointer dereference
goroutine 26 [running]:
net/http.(*conn).serve.func1()
	/usr/lib/go-1.23/src/net/http/server.go:1947 +0xbe
panic({0x8c11e0?, 0xc528f0?})
	/usr/lib/go-1.23/src/runtime/panic.go:785 +0x132
gotrading/app/controllers.viewChartHandler({0x9ce6c8, 0xc0000dc0e0}, 0xc000073b38?)
	/home/uta-s-dao/practice/gotrading/app/controllers/webserver.go:26 +0x7e
net/http.HandlerFunc.ServeHTTP(0xc9d8c0?, {0x9ce6c8?, 0xc0000dc0e0?}, 0x731ff6?)
	/usr/lib/go-1.23/src/net/http/server.go:2220 +0x29
net/http.(*ServeMux).ServeHTTP(0x46bf19?, {0x9ce6c8, 0xc0000dc0e0}, 0xc0000c2dc0)
	/usr/lib/go-1.23/src/net/http/server.go:2747 +0x1ca
net/http.serverHandler.ServeHTTP({0xc0002124b0?}, {0x9ce6c8?, 0xc0000dc0e0?}, 0x6?)
	/usr/lib/go-1.23/src/net/http/server.go:3210 +0x8e
net/http.(*conn).serve(0xc000130510, {0x9cee30, 0xc0000a5dd0})
	/usr/lib/go-1.23/src/net/http/server.go:2092 +0x5d0
created by net/http.(*Server).Serve in goroutine 1
	/usr/lib/go-1.23/src/net/http/server.go:3360 +0x485
2025/07/12 15:51:17 server.go:3489: http: panic serving [::1]:53354: runtime error: invalid memory address or nil pointer dereference
goroutine 50 [running]:
net/http.(*conn).serve.func1()
	/usr/lib/go-1.23/src/net/http/server.go:1947 +0xbe
panic({0x8c11e0?, 0xc528f0?})
	/usr/lib/go-1.23/src/runtime/panic.go:785 +0x132
gotrading/app/controllers.viewChartHandler({0x9ce6c8, 0xc00014e0e0}, 0xc000073b38?)
	/home/uta-s-dao/practice/gotrading/app/controllers/webserver.go:26 +0x7e
net/http.HandlerFunc.ServeHTTP(0xc9d8c0?, {0x9ce6c8?, 0xc00014e0e0?}, 0x731ff6?)
	/usr/lib/go-1.23/src/net/http/server.go:2220 +0x29
net/http.(*ServeMux).ServeHTTP(0x46bf19?, {0x9ce6c8, 0xc00014e0e0}, 0xc0000c2f00)
	/usr/lib/go-1.23/src/net/http/server.go:2747 +0x1ca
net/http.serverHandler.ServeHTTP({0xc000212690?}, {0x9ce6c8?, 0xc00014e0e0?}, 0x6?)
	/usr/lib/go-1.23/src/net/http/server.go:3210 +0x8e
net/http.(*conn).serve(0xc0000e2630, {0x9cee30, 0xc0000a5dd0})
	/usr/lib/go-1.23/src/net/http/server.go:2092 +0x5d0
created by net/http.(*Server).Serve in goroutine 1
	/usr/lib/go-1.23/src/net/http/server.go:3360 +0x485
2025/07/12 15:51:17 server.go:3489: http: panic serving [::1]:53356: runtime error: invalid memory address or nil pointer dereference
goroutine 28 [running]:
net/http.(*conn).serve.func1()
	/usr/lib/go-1.23/src/net/http/server.go:1947 +0xbe
panic({0x8c11e0?, 0xc528f0?})
	/usr/lib/go-1.23/src/runtime/panic.go:785 +0x132
gotrading/app/controllers.viewChartHandler({0x9ce6c8, 0xc00014e1c0}, 0xc000073b38?)
	/home/uta-s-dao/practice/gotrading/app/controllers/webserver.go:26 +0x7e
net/http.HandlerFunc.ServeHTTP(0xc9d8c0?, {0x9ce6c8?, 0xc00014e1c0?}, 0x731ff6?)
	/usr/lib/go-1.23/src/net/http/server.go:2220 +0x29
net/http.(*ServeMux).ServeHTTP(0x46bf19?, {0x9ce6c8, 0xc00014e1c0}, 0xc0001208c0)
	/usr/lib/go-1.23/src/net/http/server.go:2747 +0x1ca
net/http.serverHandler.ServeHTTP({0xc000116960?}, {0x9ce6c8?, 0xc00014e1c0?}, 0x6?)
	/usr/lib/go-1.23/src/net/http/server.go:3210 +0x8e
net/http.(*conn).serve(0xc0001306c0, {0x9cee30, 0xc0000a5dd0})
	/usr/lib/go-1.23/src/net/http/server.go:2092 +0x5d0
created by net/http.(*Server).Serve in goroutine 1
	/usr/lib/go-1.23/src/net/http/server.go:3360 +0x485
2025/07/12 15:51:29 server.go:3489: http: panic serving [::1]:52602: runtime error: invalid memory address or nil pointer dereference
goroutine 8 [running]:
net/http.(*conn).serve.func1()
	/usr/lib/go-1.23/src/net/http/server.go:1947 +0xbe
panic({0x8c11e0?, 0xc528f0?})
	/usr/lib/go-1.23/src/runtime/panic.go:785 +0x132
gotrading/app/controllers.viewChartHandler({0x9ce6c8, 0xc0000dc0e0}, 0xc0000edb38?)
	/home/uta-s-dao/practice/gotrading/app/controllers/webserver.go:26 +0x7e
net/http.HandlerFunc.ServeHTTP(0xc9d8c0?, {0x9ce6c8?, 0xc0000dc0e0?}, 0x731ff6?)
	/usr/lib/go-1.23/src/net/http/server.go:2220 +0x29
net/http.(*ServeMux).ServeHTTP(0x46bf19?, {0x9ce6c8, 0xc0000dc0e0}, 0xc0000c2500)
	/usr/lib/go-1.23/src/net/http/server.go:2747 +0x1ca
net/http.serverHandler.ServeHTTP({0xc0000a5ec0?}, {0x9ce6c8?, 0xc0000dc0e0?}, 0x6?)
	/usr/lib/go-1.23/src/net/http/server.go:3210 +0x8e
net/http.(*conn).serve(0xc0000e2090, {0x9cee30, 0xc0000a5dd0})
	/usr/lib/go-1.23/src/net/http/server.go:2092 +0x5d0
created by net/http.(*Server).Serve in goroutine 1
	/usr/lib/go-1.23/src/net/http/server.go:3360 +0x485
2025/07/12 15:51:31 server.go:3489: http: panic serving [::1]:52618: runtime error: invalid memory address or nil pointer dereference
goroutine 18 [running]:
net/http.(*conn).serve.func1()
	/usr/lib/go-1.23/src/net/http/server.go:1947 +0xbe
panic({0x8c11e0?, 0xc528f0?})
	/usr/lib/go-1.23/src/runtime/panic.go:785 +0x132
gotrading/app/controllers.viewChartHandler({0x9ce6c8, 0xc0000dc1c0}, 0xc00006eb38?)
	/home/uta-s-dao/practice/gotrading/app/controllers/webserver.go:26 +0x7e
net/http.HandlerFunc.ServeHTTP(0xc9d8c0?, {0x9ce6c8?, 0xc0000dc1c0?}, 0x731ff6?)
	/usr/lib/go-1.23/src/net/http/server.go:2220 +0x29
net/http.(*ServeMux).ServeHTTP(0x46bf19?, {0x9ce6c8, 0xc0000dc1c0}, 0xc00012c000)
	/usr/lib/go-1.23/src/net/http/server.go:2747 +0x1ca
net/http.serverHandler.ServeHTTP({0xc00011a090?}, {0x9ce6c8?, 0xc0000dc1c0?}, 0x6?)
	/usr/lib/go-1.23/src/net/http/server.go:3210 +0x8e
net/http.(*conn).serve(0xc00011e000, {0x9cee30, 0xc0000a5dd0})
	/usr/lib/go-1.23/src/net/http/server.go:2092 +0x5d0
created by net/http.(*Server).Serve in goroutine 1
	/usr/lib/go-1.23/src/net/http/server.go:3360 +0x485
2025/07/12 15:51:31 server.go:3489: http: panic serving [::1]:52210: runtime error: invalid memory address or nil pointer dereference
goroutine 11 [running]:
net/http.(*conn).serve.func1()
	/usr/lib/go-1.23/src/net/http/server.go:1947 +0xbe
panic({0x8c11e0?, 0xc528f0?})
	/usr/lib/go-1.23/src/runtime/panic.go:785 +0x132
gotrading/app/controllers.viewChartHandler({0x9ce6c8, 0xc0000dc2a0}, 0xc00006eb38?)
	/home/uta-s-dao/practice/gotrading/app/controllers/webserver.go:26 +0x7e
net/http.HandlerFunc.ServeHTTP(0xc9d8c0?, {0x9ce6c8?, 0xc0000dc2a0?}, 0x731ff6?)
	/usr/lib/go-1.23/src/net/http/server.go:2220 +0x29
net/http.(*ServeMux).ServeHTTP(0x46bf19?, {0x9ce6c8, 0xc0000dc2a0}, 0xc0000c2640)
	/usr/lib/go-1.23/src/net/http/server.go:2747 +0x1ca
net/http.serverHandler.ServeHTTP({0xc000196330?}, {0x9ce6c8?, 0xc0000dc2a0?}, 0x6?)
	/usr/lib/go-1.23/src/net/http/server.go:3210 +0x8e
net/http.(*conn).serve(0xc0000e2360, {0x9cee30, 0xc0000a5dd0})
	/usr/lib/go-1.23/src/net/http/server.go:2092 +0x5d0
created by net/http.(*Server).Serve in goroutine 1
	/usr/lib/go-1.23/src/net/http/server.go:3360 +0x485
2025/07/12 15:55:18 server.go:3489: http: panic serving [::1]:33388: runtime error: invalid memory address or nil pointer dereference
goroutine 9 [running]:
net/http.(*conn).serve.func1()
	/usr/lib/go-1.23/src/net/http/server.go:1947 +0xbe
panic({0x8c11e0?, 0xc528f0?})
	/usr/lib/go-1.23/src/runtime/panic.go:785 +0x132
gotrading/app/controllers.viewChartHandler({0x9ce6c8, 0xc0000dc0e0}, 0xc0000edb38?)
	/home/uta-s-dao/practice/gotrading/app/controllers/webserver.go:26 +0x7e
net/http.HandlerFunc.ServeHTTP(0xc9d8c0?, {0x9ce6c8?, 0xc0000dc0e0?}, 0x731ff6?)
	/usr/lib/go-1.23/src/net/http/server.go:2220 +0x29
net/http.(*ServeMux).ServeHTTP(0x46bf19?, {0x9ce6c8, 0xc0000dc0e0}, 0xc0000c2640)
	/usr/lib/go-1.23/src/net/http/server.go:2747 +0x1ca
net/http.serverHandler.ServeHTTP({0xc000212030?}, {0x9ce6c8?, 0xc0000dc0e0?}, 0x6?)
	/usr/lib/go-1.23/src/net/http/server.go:3210 +0x8e
net/http.(*conn).serve(0xc0000e2120, {0x9cee30, 0xc0000a5dd0})
	/usr/lib/go-1.23/src/net/http/server.go:2092 +0x5d0
created by net/http.(*Server).Serve in goroutine 1
	/usr/lib/go-1.23/src/net/http/server.go:3360 +0x485
2025/07/12 15:55:20 server.go:3489: http: panic serving [::1]:33380: runtime error: invalid memory address or nil pointer dereference
goroutine 8 [running]:
net/http.(*conn).serve.func1()
	/usr/lib/go-1.23/src/net/http/server.go:1947 +0xbe
panic({0x8c11e0?, 0xc528f0?})
	/usr/lib/go-1.23/src/runtime/panic.go:785 +0x132
gotrading/app/controllers.viewChartHandler({0x9ce6c8, 0xc0000dc1c0}, 0xc000073b38?)
	/home/uta-s-dao/practice/gotrading/app/controllers/webserver.go:26 +0x7e
net/http.HandlerFunc.ServeHTTP(0xc9d8c0?, {0x9ce6c8?, 0xc0000dc1c0?}, 0x731ff6?)
	/usr/lib/go-1.23/src/net/http/server.go:2220 +0x29
net/http.(*ServeMux).ServeHTTP(0x46bf19?, {0x9ce6c8, 0xc0000dc1c0}, 0xc0000c2500)
	/usr/lib/go-1.23/src/net/http/server.go:2747 +0x1ca
net/http.serverHandler.ServeHTTP({0xc0000a5ec0?}, {0x9ce6c8?, 0xc0000dc1c0?}, 0x6?)
	/usr/lib/go-1.23/src/net/http/server.go:3210 +0x8e
net/http.(*conn).serve(0xc0000e2090, {0x9cee30, 0xc0000a5dd0})
	/usr/lib/go-1.23/src/net/http/server.go:2092 +0x5d0
created by net/http.(*Server).Serve in goroutine 1
	/usr/lib/go-1.23/src/net/http/server.go:3360 +0x485
2025/07/12 15:55:20 server.go:3489: http: panic serving [::1]:41510: runtime error: invalid memory address or nil pointer dereference
goroutine 12 [running]:
net/http.(*conn).serve.func1()
	/usr/lib/go-1.23/src/net/http/server.go:1947 +0xbe
panic({0x8c11e0?, 0xc528f0?})
	/usr/lib/go-1.23/src/runtime/panic.go:785 +0x132
gotrading/app/controllers.viewChartHandler({0x9ce6c8, 0xc0001a0000}, 0xc00006eb38?)
	/home/uta-s-dao/practice/gotrading/app/controllers/webserver.go:26 +0x7e
net/http.HandlerFunc.ServeHTTP(0xc9d8c0?, {0x9ce6c8?, 0xc0001a0000?}, 0x731ff6?)
	/usr/lib/go-1.23/src/net/http/server.go:2220 +0x29
net/http.(*ServeMux).ServeHTTP(0x46bf19?, {0x9ce6c8, 0xc0001a0000}, 0xc00018c000)
	/usr/lib/go-1.23/src/net/http/server.go:2747 +0x1ca
net/http.serverHandler.ServeHTTP({0xc000186030?}, {0x9ce6c8?, 0xc0001a0000?}, 0x6?)
	/usr/lib/go-1.23/src/net/http/server.go:3210 +0x8e
net/http.(*conn).serve(0xc0000e23f0, {0x9cee30, 0xc0000a5dd0})
	/usr/lib/go-1.23/src/net/http/server.go:2092 +0x5d0
created by net/http.(*Server).Serve in goroutine 1
	/usr/lib/go-1.23/src/net/http/server.go:3360 +0x485
2025/07/12 15:55:20 server.go:3489: http: panic serving [::1]:41524: runtime error: invalid memory address or nil pointer dereference
goroutine 19 [running]:
net/http.(*conn).serve.func1()
	/usr/lib/go-1.23/src/net/http/server.go:1947 +0xbe
panic({0x8c11e0?, 0xc528f0?})
	/usr/lib/go-1.23/src/runtime/panic.go:785 +0x132
gotrading/app/controllers.viewChartHandler({0x9ce6c8, 0xc0000dc2a0}, 0xc000073b38?)
	/home/uta-s-dao/practice/gotrading/app/controllers/webserver.go:26 +0x7e
net/http.HandlerFunc.ServeHTTP(0xc9d8c0?, {0x9ce6c8?, 0xc0000dc2a0?}, 0x731ff6?)
	/usr/lib/go-1.23/src/net/http/server.go:2220 +0x29
net/http.(*ServeMux).ServeHTTP(0x46bf19?, {0x9ce6c8, 0xc0000dc2a0}, 0xc0000c2780)
	/usr/lib/go-1.23/src/net/http/server.go:2747 +0x1ca
net/http.serverHandler.ServeHTTP({0xc000212420?}, {0x9ce6c8?, 0xc0000dc2a0?}, 0x6?)
	/usr/lib/go-1.23/src/net/http/server.go:3210 +0x8e
net/http.(*conn).serve(0xc000192120, {0x9cee30, 0xc0000a5dd0})
	/usr/lib/go-1.23/src/net/http/server.go:2092 +0x5d0
created by net/http.(*Server).Serve in goroutine 1
	/usr/lib/go-1.23/src/net/http/server.go:3360 +0x485
2025/07/12 15:55:21 server.go:3489: http: panic serving [::1]:41532: runtime error: invalid memory address or nil pointer dereference
goroutine 14 [running]:
net/http.(*conn).serve.func1()
	/usr/lib/go-1.23/src/net/http/server.go:1947 +0xbe
panic({0x8c11e0?, 0xc528f0?})
	/usr/lib/go-1.23/src/runtime/panic.go:785 +0x132
gotrading/app/controllers.viewChartHandler({0x9ce6c8, 0xc0000dc380}, 0xc000073b38?)
	/home/uta-s-dao/practice/gotrading/app/controllers/webserver.go:26 +0x7e
net/http.HandlerFunc.ServeHTTP(0xc9d8c0?, {0x9ce6c8?, 0xc0000dc380?}, 0x731ff6?)
	/usr/lib/go-1.23/src/net/http/server.go:2220 +0x29
net/http.(*ServeMux).ServeHTTP(0x46bf19?, {0x9ce6c8, 0xc0000dc380}, 0xc0000c28c0)
	/usr/lib/go-1.23/src/net/http/server.go:2747 +0x1ca
net/http.serverHandler.ServeHTTP({0xc000212600?}, {0x9ce6c8?, 0xc0000dc380?}, 0x6?)
	/usr/lib/go-1.23/src/net/http/server.go:3210 +0x8e
net/http.(*conn).serve(0xc0000e25a0, {0x9cee30, 0xc0000a5dd0})
	/usr/lib/go-1.23/src/net/http/server.go:2092 +0x5d0
created by net/http.(*Server).Serve in goroutine 1
	/usr/lib/go-1.23/src/net/http/server.go:3360 +0x485
2025/07/12 15:55:21 server.go:3489: http: panic serving [::1]:41548: runtime error: invalid memory address or nil pointer dereference
goroutine 16 [running]:
net/http.(*conn).serve.func1()
	/usr/lib/go-1.23/src/net/http/server.go:1947 +0xbe
panic({0x8c11e0?, 0xc528f0?})
	/usr/lib/go-1.23/src/runtime/panic.go:785 +0x132
gotrading/app/controllers.viewChartHandler({0x9ce6c8, 0xc0001a00e0}, 0xc000118b38?)
	/home/uta-s-dao/practice/gotrading/app/controllers/webserver.go:26 +0x7e
net/http.HandlerFunc.ServeHTTP(0xc9d8c0?, {0x9ce6c8?, 0xc0001a00e0?}, 0x731ff6?)
	/usr/lib/go-1.23/src/net/http/server.go:2220 +0x29
net/http.(*ServeMux).ServeHTTP(0x46bf19?, {0x9ce6c8, 0xc0001a00e0}, 0xc000128000)
	/usr/lib/go-1.23/src/net/http/server.go:2747 +0x1ca
net/http.serverHandler.ServeHTTP({0xc00011e030?}, {0x9ce6c8?, 0xc0001a00e0?}, 0x6?)
	/usr/lib/go-1.23/src/net/http/server.go:3210 +0x8e
net/http.(*conn).serve(0xc0000e2750, {0x9cee30, 0xc0000a5dd0})
	/usr/lib/go-1.23/src/net/http/server.go:2092 +0x5d0
created by net/http.(*Server).Serve in goroutine 1
	/usr/lib/go-1.23/src/net/http/server.go:3360 +0x485
2025/07/12 15:55:21 server.go:3489: http: panic serving [::1]:41560: runtime error: invalid memory address or nil pointer dereference
goroutine 21 [running]:
net/http.(*conn).serve.func1()
	/usr/lib/go-1.23/src/net/http/server.go:1947 +0xbe
panic({0x8c11e0?, 0xc528f0?})
	/usr/lib/go-1.23/src/runtime/panic.go:785 +0x132
gotrading/app/controllers.viewChartHandler({0x9ce6c8, 0xc0000dc460}, 0xc000073b38?)
	/home/uta-s-dao/practice/gotrading/app/controllers/webserver.go:26 +0x7e
net/http.HandlerFunc.ServeHTTP(0xc9d8c0?, {0x9ce6c8?, 0xc0000dc460?}, 0x731ff6?)
	/usr/lib/go-1.23/src/net/http/server.go:2220 +0x29
net/http.(*ServeMux).ServeHTTP(0x46bf19?, {0x9ce6c8, 0xc0000dc460}, 0xc0000c2a00)
	/usr/lib/go-1.23/src/net/http/server.go:2747 +0x1ca
net/http.serverHandler.ServeHTTP({0xc0002127e0?}, {0x9ce6c8?, 0xc0000dc460?}, 0x6?)
	/usr/lib/go-1.23/src/net/http/server.go:3210 +0x8e
net/http.(*conn).serve(0xc0001922d0, {0x9cee30, 0xc0000a5dd0})
	/usr/lib/go-1.23/src/net/http/server.go:2092 +0x5d0
created by net/http.(*Server).Serve in goroutine 1
	/usr/lib/go-1.23/src/net/http/server.go:3360 +0x485
2025/07/12 15:55:21 server.go:3489: http: panic serving [::1]:41586: runtime error: invalid memory address or nil pointer dereference
goroutine 36 [running]:
net/http.(*conn).serve.func1()
	/usr/lib/go-1.23/src/net/http/server.go:1947 +0xbe
panic({0x8c11e0?, 0xc528f0?})
	/usr/lib/go-1.23/src/runtime/panic.go:785 +0x132
gotrading/app/controllers.viewChartHandler({0x9ce6c8, 0xc0000dc540}, 0xc000074b38?)
	/home/uta-s-dao/practice/gotrading/app/controllers/webserver.go:26 +0x7e
net/http.HandlerFunc.ServeHTTP(0xc9d8c0?, {0x9ce6c8?, 0xc0000dc540?}, 0x731ff6?)
	/usr/lib/go-1.23/src/net/http/server.go:2220 +0x29
net/http.(*ServeMux).ServeHTTP(0x46bf19?, {0x9ce6c8, 0xc0000dc540}, 0xc0000c2c80)
	/usr/lib/go-1.23/src/net/http/server.go:2747 +0x1ca
net/http.serverHandler.ServeHTTP({0xc000212a80?}, {0x9ce6c8?, 0xc0000dc540?}, 0x6?)
	/usr/lib/go-1.23/src/net/http/server.go:3210 +0x8e
net/http.(*conn).serve(0xc0000e2990, {0x9cee30, 0xc0000a5dd0})
	/usr/lib/go-1.23/src/net/http/server.go:2092 +0x5d0
created by net/http.(*Server).Serve in goroutine 1
	/usr/lib/go-1.23/src/net/http/server.go:3360 +0x485
2025/07/12 15:55:21 server.go:3489: http: panic serving [::1]:41576: runtime error: invalid memory address or nil pointer dereference
goroutine 35 [running]:
net/http.(*conn).serve.func1()
	/usr/lib/go-1.23/src/net/http/server.go:1947 +0xbe
panic({0x8c11e0?, 0xc528f0?})
	/usr/lib/go-1.23/src/runtime/panic.go:785 +0x132
gotrading/app/controllers.viewChartHandler({0x9ce6c8, 0xc0001a01c0}, 0xc000073b38?)
	/home/uta-s-dao/practice/gotrading/app/controllers/webserver.go:26 +0x7e
net/http.HandlerFunc.ServeHTTP(0xc9d8c0?, {0x9ce6c8?, 0xc0001a01c0?}, 0x731ff6?)
	/usr/lib/go-1.23/src/net/http/server.go:2220 +0x29
net/http.(*ServeMux).ServeHTTP(0x46bf19?, {0x9ce6c8, 0xc0001a01c0}, 0xc0000c2b40)
	/usr/lib/go-1.23/src/net/http/server.go:2747 +0x1ca
net/http.serverHandler.ServeHTTP({0xc0002129c0?}, {0x9ce6c8?, 0xc0001a01c0?}, 0x6?)
	/usr/lib/go-1.23/src/net/http/server.go:3210 +0x8e
net/http.(*conn).serve(0xc0000e2900, {0x9cee30, 0xc0000a5dd0})
	/usr/lib/go-1.23/src/net/http/server.go:2092 +0x5d0
created by net/http.(*Server).Serve in goroutine 1
	/usr/lib/go-1.23/src/net/http/server.go:3360 +0x485
2025/07/12 15:55:21 server.go:3489: http: panic serving [::1]:41594: runtime error: invalid memory address or nil pointer dereference
goroutine 23 [running]:
net/http.(*conn).serve.func1()
	/usr/lib/go-1.23/src/net/http/server.go:1947 +0xbe
panic({0x8c11e0?, 0xc528f0?})
	/usr/lib/go-1.23/src/runtime/panic.go:785 +0x132
gotrading/app/controllers.viewChartHandler({0x9ce6c8, 0xc0001a02a0}, 0xc000073b38?)
	/home/uta-s-dao/practice/gotrading/app/controllers/webserver.go:26 +0x7e
net/http.HandlerFunc.ServeHTTP(0xc9d8c0?, {0x9ce6c8?, 0xc0001a02a0?}, 0x731ff6?)
	/usr/lib/go-1.23/src/net/http/server.go:2220 +0x29
net/http.(*ServeMux).ServeHTTP(0x46bf19?, {0x9ce6c8, 0xc0001a02a0}, 0xc00018c140)
	/usr/lib/go-1.23/src/net/http/server.go:2747 +0x1ca
net/http.serverHandler.ServeHTTP({0xc0001865a0?}, {0x9ce6c8?, 0xc0001a02a0?}, 0x6?)
	/usr/lib/go-1.23/src/net/http/server.go:3210 +0x8e
net/http.(*conn).serve(0xc000192480, {0x9cee30, 0xc0000a5dd0})
	/usr/lib/go-1.23/src/net/http/server.go:2092 +0x5d0
created by net/http.(*Server).Serve in goroutine 1
	/usr/lib/go-1.23/src/net/http/server.go:3360 +0x485
2025/07/12 15:55:21 server.go:3489: http: panic serving [::1]:41604: runtime error: invalid memory address or nil pointer dereference
goroutine 25 [running]:
net/http.(*conn).serve.func1()
	/usr/lib/go-1.23/src/net/http/server.go:1947 +0xbe
panic({0x8c11e0?, 0xc528f0?})
	/usr/lib/go-1.23/src/runtime/panic.go:785 +0x132
gotrading/app/controllers.viewChartHandler({0x9ce6c8, 0xc0000dc620}, 0xc000119b38?)
	/home/uta-s-dao/practice/gotrading/app/controllers/webserver.go:26 +0x7e
net/http.HandlerFunc.ServeHTTP(0xc9d8c0?, {0x9ce6c8?, 0xc0000dc620?}, 0x731ff6?)
	/usr/lib/go-1.23/src/net/http/server.go:2220 +0x29
net/http.(*ServeMux).ServeHTTP(0x46bf19?, {0x9ce6c8, 0xc0000dc620}, 0xc000128140)
	/usr/lib/go-1.23/src/net/http/server.go:2747 +0x1ca
net/http.serverHandler.ServeHTTP({0xc00011e0c0?}, {0x9ce6c8?, 0xc0000dc620?}, 0x6?)
	/usr/lib/go-1.23/src/net/http/server.go:3210 +0x8e
net/http.(*conn).serve(0xc000192630, {0x9cee30, 0xc0000a5dd0})
	/usr/lib/go-1.23/src/net/http/server.go:2092 +0x5d0
created by net/http.(*Server).Serve in goroutine 1
	/usr/lib/go-1.23/src/net/http/server.go:3360 +0x485
2025/07/12 15:55:21 server.go:3489: http: panic serving [::1]:41612: runtime error: invalid memory address or nil pointer dereference
goroutine 50 [running]:
net/http.(*conn).serve.func1()
	/usr/lib/go-1.23/src/net/http/server.go:1947 +0xbe
panic({0x8c11e0?, 0xc528f0?})
	/usr/lib/go-1.23/src/runtime/panic.go:785 +0x132
gotrading/app/controllers.viewChartHandler({0x9ce6c8, 0xc0000dc700}, 0xc00011ab38?)
	/home/uta-s-dao/practice/gotrading/app/controllers/webserver.go:26 +0x7e
net/http.HandlerFunc.ServeHTTP(0xc9d8c0?, {0x9ce6c8?, 0xc0000dc700?}, 0x731ff6?)
	/usr/lib/go-1.23/src/net/http/server.go:2220 +0x29
net/http.(*ServeMux).ServeHTTP(0x46bf19?, {0x9ce6c8, 0xc0000dc700}, 0xc000128280)
	/usr/lib/go-1.23/src/net/http/server.go:2747 +0x1ca
net/http.serverHandler.ServeHTTP({0xc00011e180?}, {0x9ce6c8?, 0xc0000dc700?}, 0x6?)
	/usr/lib/go-1.23/src/net/http/server.go:3210 +0x8e
net/http.(*conn).serve(0xc000130000, {0x9cee30, 0xc0000a5dd0})
	/usr/lib/go-1.23/src/net/http/server.go:2092 +0x5d0
created by net/http.(*Server).Serve in goroutine 1
	/usr/lib/go-1.23/src/net/http/server.go:3360 +0x485
2025/07/12 15:55:21 server.go:3489: http: panic serving [::1]:41616: runtime error: invalid memory address or nil pointer dereference
goroutine 40 [running]:
net/http.(*conn).serve.func1()
	/usr/lib/go-1.23/src/net/http/server.go:1947 +0xbe
panic({0x8c11e0?, 0xc528f0?})
	/usr/lib/go-1.23/src/runtime/panic.go:785 +0x132
gotrading/app/controllers.viewChartHandler({0x9ce6c8, 0xc0000dc7e0}, 0xc00011ab38?)
	/home/uta-s-dao/practice/gotrading/app/controllers/webserver.go:26 +0x7e
net/http.HandlerFunc.ServeHTTP(0xc9d8c0?, {0x9ce6c8?, 0xc0000dc7e0?}, 0x731ff6?)
	/usr/lib/go-1.23/src/net/http/server.go:2220 +0x29
net/http.(*ServeMux).ServeHTTP(0x46bf19?, {0x9ce6c8, 0xc0000dc7e0}, 0xc0000c2dc0)
	/usr/lib/go-1.23/src/net/http/server.go:2747 +0x1ca
net/http.serverHandler.ServeHTTP({0xc000212ea0?}, {0x9ce6c8?, 0xc0000dc7e0?}, 0x6?)
	/usr/lib/go-1.23/src/net/http/server.go:3210 +0x8e
net/http.(*conn).serve(0xc0000e2d80, {0x9cee30, 0xc0000a5dd0})
	/usr/lib/go-1.23/src/net/http/server.go:2092 +0x5d0
created by net/http.(*Server).Serve in goroutine 1
	/usr/lib/go-1.23/src/net/http/server.go:3360 +0x485
2025/07/12 15:55:21 server.go:3489: http: panic serving [::1]:41622: runtime error: invalid memory address or nil pointer dereference
goroutine 42 [running]:
net/http.(*conn).serve.func1()
	/usr/lib/go-1.23/src/net/http/server.go:1947 +0xbe
panic({0x8c11e0?, 0xc528f0?})
	/usr/lib/go-1.23/src/runtime/panic.go:785 +0x132
gotrading/app/controllers.viewChartHandler({0x9ce6c8, 0xc0000dc8c0}, 0xc00011ab38?)
	/home/uta-s-dao/practice/gotrading/app/controllers/webserver.go:26 +0x7e
net/http.HandlerFunc.ServeHTTP(0xc9d8c0?, {0x9ce6c8?, 0xc0000dc8c0?}, 0x731ff6?)
	/usr/lib/go-1.23/src/net/http/server.go:2220 +0x29
net/http.(*ServeMux).ServeHTTP(0x46bf19?, {0x9ce6c8, 0xc0000dc8c0}, 0xc0000c2f00)
	/usr/lib/go-1.23/src/net/http/server.go:2747 +0x1ca
net/http.serverHandler.ServeHTTP({0xc000213080?}, {0x9ce6c8?, 0xc0000dc8c0?}, 0x6?)
	/usr/lib/go-1.23/src/net/http/server.go:3210 +0x8e
net/http.(*conn).serve(0xc0000e2f30, {0x9cee30, 0xc0000a5dd0})
	/usr/lib/go-1.23/src/net/http/server.go:2092 +0x5d0
created by net/http.(*Server).Serve in goroutine 1
	/usr/lib/go-1.23/src/net/http/server.go:3360 +0x485
2025/07/12 15:55:22 server.go:3489: http: panic serving [::1]:41636: runtime error: invalid memory address or nil pointer dereference
goroutine 44 [running]:
net/http.(*conn).serve.func1()
	/usr/lib/go-1.23/src/net/http/server.go:1947 +0xbe
panic({0x8c11e0?, 0xc528f0?})
	/usr/lib/go-1.23/src/runtime/panic.go:785 +0x132
gotrading/app/controllers.viewChartHandler({0x9ce6c8, 0xc0001a0380}, 0xc000073b38?)
	/home/uta-s-dao/practice/gotrading/app/controllers/webserver.go:26 +0x7e
net/http.HandlerFunc.ServeHTTP(0xc9d8c0?, {0x9ce6c8?, 0xc0001a0380?}, 0x731ff6?)
	/usr/lib/go-1.23/src/net/http/server.go:2220 +0x29
net/http.(*ServeMux).ServeHTTP(0x46bf19?, {0x9ce6c8, 0xc0001a0380}, 0xc00018c280)
	/usr/lib/go-1.23/src/net/http/server.go:2747 +0x1ca
net/http.serverHandler.ServeHTTP({0xc000186780?}, {0x9ce6c8?, 0xc0001a0380?}, 0x6?)
	/usr/lib/go-1.23/src/net/http/server.go:3210 +0x8e
net/http.(*conn).serve(0xc0000e30e0, {0x9cee30, 0xc0000a5dd0})
	/usr/lib/go-1.23/src/net/http/server.go:2092 +0x5d0
created by net/http.(*Server).Serve in goroutine 1
	/usr/lib/go-1.23/src/net/http/server.go:3360 +0x485
2025/07/12 15:55:22 server.go:3489: http: panic serving [::1]:41650: runtime error: invalid memory address or nil pointer dereference
goroutine 27 [running]:
net/http.(*conn).serve.func1()
	/usr/lib/go-1.23/src/net/http/server.go:1947 +0xbe
panic({0x8c11e0?, 0xc528f0?})
	/usr/lib/go-1.23/src/runtime/panic.go:785 +0x132
gotrading/app/controllers.viewChartHandler({0x9ce6c8, 0xc0001a0460}, 0xc000073b38?)
	/home/uta-s-dao/practice/gotrading/app/controllers/webserver.go:26 +0x7e
net/http.HandlerFunc.ServeHTTP(0xc9d8c0?, {0x9ce6c8?, 0xc0001a0460?}, 0x731ff6?)
	/usr/lib/go-1.23/src/net/http/server.go:2220 +0x29
net/http.(*ServeMux).ServeHTTP(0x46bf19?, {0x9ce6c8, 0xc0001a0460}, 0xc00018c3c0)
	/usr/lib/go-1.23/src/net/http/server.go:2747 +0x1ca
net/http.serverHandler.ServeHTTP({0xc000186960?}, {0x9ce6c8?, 0xc0001a0460?}, 0x6?)
	/usr/lib/go-1.23/src/net/http/server.go:3210 +0x8e
net/http.(*conn).serve(0xc0001927e0, {0x9cee30, 0xc0000a5dd0})
	/usr/lib/go-1.23/src/net/http/server.go:2092 +0x5d0
created by net/http.(*Server).Serve in goroutine 1
	/usr/lib/go-1.23/src/net/http/server.go:3360 +0x485
2025/07/12 15:55:45 server.go:3489: http: panic serving [::1]:41652: runtime error: invalid memory address or nil pointer dereference
goroutine 29 [running]:
net/http.(*conn).serve.func1()
	/usr/lib/go-1.23/src/net/http/server.go:1947 +0xbe
panic({0x8c11e0?, 0xc528f0?})
	/usr/lib/go-1.23/src/runtime/panic.go:785 +0x132
gotrading/app/controllers.viewChartHandler({0x9ce6c8, 0xc0000dc9a0}, 0xc00011bb38?)
	/home/uta-s-dao/practice/gotrading/app/controllers/webserver.go:26 +0x7e
net/http.HandlerFunc.ServeHTTP(0xc9d8c0?, {0x9ce6c8?, 0xc0000dc9a0?}, 0x731ff6?)
	/usr/lib/go-1.23/src/net/http/server.go:2220 +0x29
net/http.(*ServeMux).ServeHTTP(0x46bf19?, {0x9ce6c8, 0xc0000dc9a0}, 0xc0001283c0)
	/usr/lib/go-1.23/src/net/http/server.go:2747 +0x1ca
net/http.serverHandler.ServeHTTP({0xc00011e210?}, {0x9ce6c8?, 0xc0000dc9a0?}, 0x6?)
	/usr/lib/go-1.23/src/net/http/server.go:3210 +0x8e
net/http.(*conn).serve(0xc000192990, {0x9cee30, 0xc0000a5dd0})
	/usr/lib/go-1.23/src/net/http/server.go:2092 +0x5d0
created by net/http.(*Server).Serve in goroutine 1
	/usr/lib/go-1.23/src/net/http/server.go:3360 +0x485
2025/07/12 15:55:45 server.go:3489: http: panic serving [::1]:38924: runtime error: invalid memory address or nil pointer dereference
goroutine 51 [running]:
net/http.(*conn).serve.func1()
	/usr/lib/go-1.23/src/net/http/server.go:1947 +0xbe
panic({0x8c11e0?, 0xc528f0?})
	/usr/lib/go-1.23/src/runtime/panic.go:785 +0x132
gotrading/app/controllers.viewChartHandler({0x9ce6c8, 0xc0000dca80}, 0xc00011ab38?)
	/home/uta-s-dao/practice/gotrading/app/controllers/webserver.go:26 +0x7e
net/http.HandlerFunc.ServeHTTP(0xc9d8c0?, {0x9ce6c8?, 0xc0000dca80?}, 0x731ff6?)
	/usr/lib/go-1.23/src/net/http/server.go:2220 +0x29
net/http.(*ServeMux).ServeHTTP(0x46bf19?, {0x9ce6c8, 0xc0000dca80}, 0xc0000c3040)
	/usr/lib/go-1.23/src/net/http/server.go:2747 +0x1ca
net/http.serverHandler.ServeHTTP({0xc000213260?}, {0x9ce6c8?, 0xc0000dca80?}, 0x6?)
	/usr/lib/go-1.23/src/net/http/server.go:3210 +0x8e
net/http.(*conn).serve(0xc000130090, {0x9cee30, 0xc0000a5dd0})
	/usr/lib/go-1.23/src/net/http/server.go:2092 +0x5d0
created by net/http.(*Server).Serve in goroutine 1
	/usr/lib/go-1.23/src/net/http/server.go:3360 +0x485
2025/07/12 15:55:45 server.go:3489: http: panic serving [::1]:38928: runtime error: invalid memory address or nil pointer dereference
goroutine 47 [running]:
net/http.(*conn).serve.func1()
	/usr/lib/go-1.23/src/net/http/server.go:1947 +0xbe
panic({0x8c11e0?, 0xc528f0?})
	/usr/lib/go-1.23/src/runtime/panic.go:785 +0x132
gotrading/app/controllers.viewChartHandler({0x9ce6c8, 0xc0000dcb60}, 0xc00011ab38?)
	/home/uta-s-dao/practice/gotrading/app/controllers/webserver.go:26 +0x7e
net/http.HandlerFunc.ServeHTTP(0xc9d8c0?, {0x9ce6c8?, 0xc0000dcb60?}, 0x731ff6?)
	/usr/lib/go-1.23/src/net/http/server.go:2220 +0x29
net/http.(*ServeMux).ServeHTTP(0x46bf19?, {0x9ce6c8, 0xc0000dcb60}, 0xc0000c3180)
	/usr/lib/go-1.23/src/net/http/server.go:2747 +0x1ca
net/http.serverHandler.ServeHTTP({0xc000213560?}, {0x9ce6c8?, 0xc0000dcb60?}, 0x6?)
	/usr/lib/go-1.23/src/net/http/server.go:3210 +0x8e
net/http.(*conn).serve(0xc0000e33b0, {0x9cee30, 0xc0000a5dd0})
	/usr/lib/go-1.23/src/net/http/server.go:2092 +0x5d0
created by net/http.(*Server).Serve in goroutine 1
	/usr/lib/go-1.23/src/net/http/server.go:3360 +0x485
2025/07/12 15:55:46 server.go:3489: http: panic serving [::1]:38938: runtime error: invalid memory address or nil pointer dereference
goroutine 49 [running]:
net/http.(*conn).serve.func1()
	/usr/lib/go-1.23/src/net/http/server.go:1947 +0xbe
panic({0x8c11e0?, 0xc528f0?})
	/usr/lib/go-1.23/src/runtime/panic.go:785 +0x132
gotrading/app/controllers.viewChartHandler({0x9ce6c8, 0xc000144000}, 0xc00011ab38?)
	/home/uta-s-dao/practice/gotrading/app/controllers/webserver.go:26 +0x7e
net/http.HandlerFunc.ServeHTTP(0xc9d8c0?, {0x9ce6c8?, 0xc000144000?}, 0x731ff6?)
	/usr/lib/go-1.23/src/net/http/server.go:2220 +0x29
net/http.(*ServeMux).ServeHTTP(0x46bf19?, {0x9ce6c8, 0xc000144000}, 0xc0000c32c0)
	/usr/lib/go-1.23/src/net/http/server.go:2747 +0x1ca
net/http.serverHandler.ServeHTTP({0xc000213740?}, {0x9ce6c8?, 0xc000144000?}, 0x6?)
	/usr/lib/go-1.23/src/net/http/server.go:3210 +0x8e
net/http.(*conn).serve(0xc0000e3560, {0x9cee30, 0xc0000a5dd0})
	/usr/lib/go-1.23/src/net/http/server.go:2092 +0x5d0
created by net/http.(*Server).Serve in goroutine 1
	/usr/lib/go-1.23/src/net/http/server.go:3360 +0x485
2025/07/12 15:55:46 server.go:3489: http: panic serving [::1]:38940: runtime error: invalid memory address or nil pointer dereference
goroutine 52 [running]:
net/http.(*conn).serve.func1()
	/usr/lib/go-1.23/src/net/http/server.go:1947 +0xbe
panic({0x8c11e0?, 0xc528f0?})
	/usr/lib/go-1.23/src/runtime/panic.go:785 +0x132
gotrading/app/controllers.viewChartHandler({0x9ce6c8, 0xc0001440e0}, 0xc000114b38?)
	/home/uta-s-dao/practice/gotrading/app/controllers/webserver.go:26 +0x7e
net/http.HandlerFunc.ServeHTTP(0xc9d8c0?, {0x9ce6c8?, 0xc0001440e0?}, 0x731ff6?)
	/usr/lib/go-1.23/src/net/http/server.go:2220 +0x29
net/http.(*ServeMux).ServeHTTP(0x46bf19?, {0x9ce6c8, 0xc0001440e0}, 0xc000128500)
	/usr/lib/go-1.23/src/net/http/server.go:2747 +0x1ca
net/http.serverHandler.ServeHTTP({0xc00011e330?}, {0x9ce6c8?, 0xc0001440e0?}, 0x6?)
	/usr/lib/go-1.23/src/net/http/server.go:3210 +0x8e
net/http.(*conn).serve(0xc000130120, {0x9cee30, 0xc0000a5dd0})
	/usr/lib/go-1.23/src/net/http/server.go:2092 +0x5d0
created by net/http.(*Server).Serve in goroutine 1
	/usr/lib/go-1.23/src/net/http/server.go:3360 +0x485
2025/07/12 15:55:46 server.go:3489: http: panic serving [::1]:38950: runtime error: invalid memory address or nil pointer dereference
goroutine 55 [running]:
net/http.(*conn).serve.func1()
	/usr/lib/go-1.23/src/net/http/server.go:1947 +0xbe
panic({0x8c11e0?, 0xc528f0?})
	/usr/lib/go-1.23/src/runtime/panic.go:785 +0x132
gotrading/app/controllers.viewChartHandler({0x9ce6c8, 0xc0001a0540}, 0xc000073b38?)
	/home/uta-s-dao/practice/gotrading/app/controllers/webserver.go:26 +0x7e
net/http.HandlerFunc.ServeHTTP(0xc9d8c0?, {0x9ce6c8?, 0xc0001a0540?}, 0x731ff6?)
	/usr/lib/go-1.23/src/net/http/server.go:2220 +0x29
net/http.(*ServeMux).ServeHTTP(0x46bf19?, {0x9ce6c8, 0xc0001a0540}, 0xc00018c500)
	/usr/lib/go-1.23/src/net/http/server.go:2747 +0x1ca
net/http.serverHandler.ServeHTTP({0xc000186b40?}, {0x9ce6c8?, 0xc0001a0540?}, 0x6?)
	/usr/lib/go-1.23/src/net/http/server.go:3210 +0x8e
net/http.(*conn).serve(0xc0001303f0, {0x9cee30, 0xc0000a5dd0})
	/usr/lib/go-1.23/src/net/http/server.go:2092 +0x5d0
created by net/http.(*Server).Serve in goroutine 1
	/usr/lib/go-1.23/src/net/http/server.go:3360 +0x485
2025/07/12 15:55:46 server.go:3489: http: panic serving [::1]:38954: runtime error: invalid memory address or nil pointer dereference
goroutine 31 [running]:
net/http.(*conn).serve.func1()
	/usr/lib/go-1.23/src/net/http/server.go:1947 +0xbe
panic({0x8c11e0?, 0xc528f0?})
	/usr/lib/go-1.23/src/runtime/panic.go:785 +0x132
gotrading/app/controllers.viewChartHandler({0x9ce6c8, 0xc0001a0620}, 0xc000073b38?)
	/home/uta-s-dao/practice/gotrading/app/controllers/webserver.go:26 +0x7e
net/http.HandlerFunc.ServeHTTP(0xc9d8c0?, {0x9ce6c8?, 0xc0001a0620?}, 0x731ff6?)
	/usr/lib/go-1.23/src/net/http/server.go:2220 +0x29
net/http.(*ServeMux).ServeHTTP(0x46bf19?, {0x9ce6c8, 0xc0001a0620}, 0xc00018c640)
	/usr/lib/go-1.23/src/net/http/server.go:2747 +0x1ca
net/http.serverHandler.ServeHTTP({0xc000186d20?}, {0x9ce6c8?, 0xc0001a0620?}, 0x6?)
	/usr/lib/go-1.23/src/net/http/server.go:3210 +0x8e
net/http.(*conn).serve(0xc000192b40, {0x9cee30, 0xc0000a5dd0})
	/usr/lib/go-1.23/src/net/http/server.go:2092 +0x5d0
created by net/http.(*Server).Serve in goroutine 1
	/usr/lib/go-1.23/src/net/http/server.go:3360 +0x485
2025/07/12 15:55:46 server.go:3489: http: panic serving [::1]:38962: runtime error: invalid memory address or nil pointer dereference
goroutine 33 [running]:
net/http.(*conn).serve.func1()
	/usr/lib/go-1.23/src/net/http/server.go:1947 +0xbe
panic({0x8c11e0?, 0xc528f0?})
	/usr/lib/go-1.23/src/runtime/panic.go:785 +0x132
gotrading/app/controllers.viewChartHandler({0x9ce6c8, 0xc0001a0700}, 0xc000073b38?)
	/home/uta-s-dao/practice/gotrading/app/controllers/webserver.go:26 +0x7e
net/http.HandlerFunc.ServeHTTP(0xc9d8c0?, {0x9ce6c8?, 0xc0001a0700?}, 0x731ff6?)
	/usr/lib/go-1.23/src/net/http/server.go:2220 +0x29
net/http.(*ServeMux).ServeHTTP(0x46bf19?, {0x9ce6c8, 0xc0001a0700}, 0xc00018c780)
	/usr/lib/go-1.23/src/net/http/server.go:2747 +0x1ca
net/http.serverHandler.ServeHTTP({0xc000186f00?}, {0x9ce6c8?, 0xc0001a0700?}, 0x6?)
	/usr/lib/go-1.23/src/net/http/server.go:3210 +0x8e
net/http.(*conn).serve(0xc000192cf0, {0x9cee30, 0xc0000a5dd0})
	/usr/lib/go-1.23/src/net/http/server.go:2092 +0x5d0
created by net/http.(*Server).Serve in goroutine 1
	/usr/lib/go-1.23/src/net/http/server.go:3360 +0x485
2025/07/12 15:55:46 server.go:3489: http: panic serving [::1]:38970: runtime error: invalid memory address or nil pointer dereference
goroutine 66 [running]:
net/http.(*conn).serve.func1()
	/usr/lib/go-1.23/src/net/http/server.go:1947 +0xbe
panic({0x8c11e0?, 0xc528f0?})
	/usr/lib/go-1.23/src/runtime/panic.go:785 +0x132
gotrading/app/controllers.viewChartHandler({0x9ce6c8, 0xc0001a07e0}, 0xc00011bb38?)
	/home/uta-s-dao/practice/gotrading/app/controllers/webserver.go:26 +0x7e
net/http.HandlerFunc.ServeHTTP(0xc9d8c0?, {0x9ce6c8?, 0xc0001a07e0?}, 0x731ff6?)
	/usr/lib/go-1.23/src/net/http/server.go:2220 +0x29
net/http.(*ServeMux).ServeHTTP(0x46bf19?, {0x9ce6c8, 0xc0001a07e0}, 0xc0000c3400)
	/usr/lib/go-1.23/src/net/http/server.go:2747 +0x1ca
net/http.serverHandler.ServeHTTP({0xc000213800?}, {0x9ce6c8?, 0xc0001a07e0?}, 0x6?)
	/usr/lib/go-1.23/src/net/http/server.go:3210 +0x8e
net/http.(*conn).serve(0xc0000e35f0, {0x9cee30, 0xc0000a5dd0})
	/usr/lib/go-1.23/src/net/http/server.go:2092 +0x5d0
created by net/http.(*Server).Serve in goroutine 1
	/usr/lib/go-1.23/src/net/http/server.go:3360 +0x485
2025/07/12 15:55:46 server.go:3489: http: panic serving [::1]:38978: runtime error: invalid memory address or nil pointer dereference
goroutine 84 [running]:
net/http.(*conn).serve.func1()
	/usr/lib/go-1.23/src/net/http/server.go:1947 +0xbe
panic({0x8c11e0?, 0xc528f0?})
	/usr/lib/go-1.23/src/runtime/panic.go:785 +0x132
gotrading/app/controllers.viewChartHandler({0x9ce6c8, 0xc0001a08c0}, 0xc00011bb38?)
	/home/uta-s-dao/practice/gotrading/app/controllers/webserver.go:26 +0x7e
net/http.HandlerFunc.ServeHTTP(0xc9d8c0?, {0x9ce6c8?, 0xc0001a08c0?}, 0x731ff6?)
	/usr/lib/go-1.23/src/net/http/server.go:2220 +0x29
net/http.(*ServeMux).ServeHTTP(0x46bf19?, {0x9ce6c8, 0xc0001a08c0}, 0xc00018c8c0)
	/usr/lib/go-1.23/src/net/http/server.go:2747 +0x1ca
net/http.serverHandler.ServeHTTP({0xc000187200?}, {0x9ce6c8?, 0xc0001a08c0?}, 0x6?)
	/usr/lib/go-1.23/src/net/http/server.go:3210 +0x8e
net/http.(*conn).serve(0xc000192fc0, {0x9cee30, 0xc0000a5dd0})
	/usr/lib/go-1.23/src/net/http/server.go:2092 +0x5d0
created by net/http.(*Server).Serve in goroutine 1
	/usr/lib/go-1.23/src/net/http/server.go:3360 +0x485
2025/07/12 15:55:55 server.go:3489: http: panic serving [::1]:57432: runtime error: invalid memory address or nil pointer dereference
goroutine 21 [running]:
net/http.(*conn).serve.func1()
	/usr/lib/go-1.23/src/net/http/server.go:1947 +0xbe
panic({0x8c11e0?, 0xc528f0?})
	/usr/lib/go-1.23/src/runtime/panic.go:785 +0x132
gotrading/app/controllers.viewChartHandler({0x9ce6c8, 0xc0001780e0}, 0xc000207b38?)
	/home/uta-s-dao/practice/gotrading/app/controllers/webserver.go:26 +0x7e
net/http.HandlerFunc.ServeHTTP(0xc9d8c0?, {0x9ce6c8?, 0xc0001780e0?}, 0x731ff6?)
	/usr/lib/go-1.23/src/net/http/server.go:2220 +0x29
net/http.(*ServeMux).ServeHTTP(0x46bf19?, {0x9ce6c8, 0xc0001780e0}, 0xc000158500)
	/usr/lib/go-1.23/src/net/http/server.go:2747 +0x1ca
net/http.serverHandler.ServeHTTP({0xc00012da40?}, {0x9ce6c8?, 0xc0001780e0?}, 0x6?)
	/usr/lib/go-1.23/src/net/http/server.go:3210 +0x8e
net/http.(*conn).serve(0xc00017e090, {0x9cee30, 0xc00012d950})
	/usr/lib/go-1.23/src/net/http/server.go:2092 +0x5d0
created by net/http.(*Server).Serve in goroutine 1
	/usr/lib/go-1.23/src/net/http/server.go:3360 +0x485
2025/07/12 15:55:56 server.go:3489: http: panic serving [::1]:57434: runtime error: invalid memory address or nil pointer dereference
goroutine 23 [running]:
net/http.(*conn).serve.func1()
	/usr/lib/go-1.23/src/net/http/server.go:1947 +0xbe
panic({0x8c11e0?, 0xc528f0?})
	/usr/lib/go-1.23/src/runtime/panic.go:785 +0x132
gotrading/app/controllers.viewChartHandler({0x9ce6c8, 0xc0001781c0}, 0xc00006eb38?)
	/home/uta-s-dao/practice/gotrading/app/controllers/webserver.go:26 +0x7e
net/http.HandlerFunc.ServeHTTP(0xc9d8c0?, {0x9ce6c8?, 0xc0001781c0?}, 0x731ff6?)
	/usr/lib/go-1.23/src/net/http/server.go:2220 +0x29
net/http.(*ServeMux).ServeHTTP(0x46bf19?, {0x9ce6c8, 0xc0001781c0}, 0xc000158640)
	/usr/lib/go-1.23/src/net/http/server.go:2747 +0x1ca
net/http.serverHandler.ServeHTTP({0xc00012dc80?}, {0x9ce6c8?, 0xc0001781c0?}, 0x6?)
	/usr/lib/go-1.23/src/net/http/server.go:3210 +0x8e
net/http.(*conn).serve(0xc00017e240, {0x9cee30, 0xc00012d950})
	/usr/lib/go-1.23/src/net/http/server.go:2092 +0x5d0
created by net/http.(*Server).Serve in goroutine 1
	/usr/lib/go-1.23/src/net/http/server.go:3360 +0x485
2025/07/12 15:55:56 server.go:3489: http: panic serving [::1]:57444: runtime error: invalid memory address or nil pointer dereference
goroutine 24 [running]:
net/http.(*conn).serve.func1()
	/usr/lib/go-1.23/src/net/http/server.go:1947 +0xbe
panic({0x8c11e0?, 0xc528f0?})
	/usr/lib/go-1.23/src/runtime/panic.go:785 +0x132
gotrading/app/controllers.viewChartHandler({0x9ce6c8, 0xc0001782a0}, 0xc00006fb38?)
	/home/uta-s-dao/practice/gotrading/app/controllers/webserver.go:26 +0x7e
net/http.HandlerFunc.ServeHTTP(0xc9d8c0?, {0x9ce6c8?, 0xc0001782a0?}, 0x731ff6?)
	/usr/lib/go-1.23/src/net/http/server.go:2220 +0x29
net/http.(*ServeMux).ServeHTTP(0x46bf19?, {0x9ce6c8, 0xc0001782a0}, 0xc000158780)
	/usr/lib/go-1.23/src/net/http/server.go:2747 +0x1ca
net/http.serverHandler.ServeHTTP({0xc00012dd40?}, {0x9ce6c8?, 0xc0001782a0?}, 0x6?)
	/usr/lib/go-1.23/src/net/http/server.go:3210 +0x8e
net/http.(*conn).serve(0xc00017e2d0, {0x9cee30, 0xc00012d950})
	/usr/lib/go-1.23/src/net/http/server.go:2092 +0x5d0
created by net/http.(*Server).Serve in goroutine 1
	/usr/lib/go-1.23/src/net/http/server.go:3360 +0x485
2025/07/12 15:55:56 server.go:3489: http: panic serving [::1]:57446: runtime error: invalid memory address or nil pointer dereference
goroutine 27 [running]:
net/http.(*conn).serve.func1()
	/usr/lib/go-1.23/src/net/http/server.go:1947 +0xbe
panic({0x8c11e0?, 0xc528f0?})
	/usr/lib/go-1.23/src/runtime/panic.go:785 +0x132
gotrading/app/controllers.viewChartHandler({0x9ce6c8, 0xc0001a8000}, 0xc000186b38?)
	/home/uta-s-dao/practice/gotrading/app/controllers/webserver.go:26 +0x7e
net/http.HandlerFunc.ServeHTTP(0xc9d8c0?, {0x9ce6c8?, 0xc0001a8000?}, 0x731ff6?)
	/usr/lib/go-1.23/src/net/http/server.go:2220 +0x29
net/http.(*ServeMux).ServeHTTP(0x46bf19?, {0x9ce6c8, 0xc0001a8000}, 0xc000192000)
	/usr/lib/go-1.23/src/net/http/server.go:2747 +0x1ca
net/http.serverHandler.ServeHTTP({0xc00018c030?}, {0x9ce6c8?, 0xc0001a8000?}, 0x6?)
	/usr/lib/go-1.23/src/net/http/server.go:3210 +0x8e
net/http.(*conn).serve(0xc00017e5a0, {0x9cee30, 0xc00012d950})
	/usr/lib/go-1.23/src/net/http/server.go:2092 +0x5d0
created by net/http.(*Server).Serve in goroutine 1
	/usr/lib/go-1.23/src/net/http/server.go:3360 +0x485
2025/07/12 15:55:56 server.go:3489: http: panic serving [::1]:57448: runtime error: invalid memory address or nil pointer dereference
goroutine 35 [running]:
net/http.(*conn).serve.func1()
	/usr/lib/go-1.23/src/net/http/server.go:1947 +0xbe
panic({0x8c11e0?, 0xc528f0?})
	/usr/lib/go-1.23/src/runtime/panic.go:785 +0x132
gotrading/app/controllers.viewChartHandler({0x9ce6c8, 0xc000178380}, 0xc000186b38?)
	/home/uta-s-dao/practice/gotrading/app/controllers/webserver.go:26 +0x7e
net/http.HandlerFunc.ServeHTTP(0xc9d8c0?, {0x9ce6c8?, 0xc000178380?}, 0x731ff6?)
	/usr/lib/go-1.23/src/net/http/server.go:2220 +0x29
net/http.(*ServeMux).ServeHTTP(0x46bf19?, {0x9ce6c8, 0xc000178380}, 0xc000192140)
	/usr/lib/go-1.23/src/net/http/server.go:2747 +0x1ca
net/http.serverHandler.ServeHTTP({0xc00018c210?}, {0x9ce6c8?, 0xc000178380?}, 0x6?)
	/usr/lib/go-1.23/src/net/http/server.go:3210 +0x8e
net/http.(*conn).serve(0xc000198120, {0x9cee30, 0xc00012d950})
	/usr/lib/go-1.23/src/net/http/server.go:2092 +0x5d0
created by net/http.(*Server).Serve in goroutine 1
	/usr/lib/go-1.23/src/net/http/server.go:3360 +0x485
2025/07/12 15:55:56 server.go:3489: http: panic serving [::1]:57450: runtime error: invalid memory address or nil pointer dereference
goroutine 36 [running]:
net/http.(*conn).serve.func1()
	/usr/lib/go-1.23/src/net/http/server.go:1947 +0xbe
panic({0x8c11e0?, 0xc528f0?})
	/usr/lib/go-1.23/src/runtime/panic.go:785 +0x132
gotrading/app/controllers.viewChartHandler({0x9ce6c8, 0xc0001a80e0}, 0xc000187b38?)
	/home/uta-s-dao/practice/gotrading/app/controllers/webserver.go:26 +0x7e
net/http.HandlerFunc.ServeHTTP(0xc9d8c0?, {0x9ce6c8?, 0xc0001a80e0?}, 0x731ff6?)
	/usr/lib/go-1.23/src/net/http/server.go:2220 +0x29
net/http.(*ServeMux).ServeHTTP(0x46bf19?, {0x9ce6c8, 0xc0001a80e0}, 0xc000192280)
	/usr/lib/go-1.23/src/net/http/server.go:2747 +0x1ca
net/http.serverHandler.ServeHTTP({0xc00018c2d0?}, {0x9ce6c8?, 0xc0001a80e0?}, 0x6?)
	/usr/lib/go-1.23/src/net/http/server.go:3210 +0x8e
net/http.(*conn).serve(0xc0001981b0, {0x9cee30, 0xc00012d950})
	/usr/lib/go-1.23/src/net/http/server.go:2092 +0x5d0
created by net/http.(*Server).Serve in goroutine 1
	/usr/lib/go-1.23/src/net/http/server.go:3360 +0x485
2025/07/12 15:55:56 server.go:3489: http: panic serving [::1]:57458: runtime error: invalid memory address or nil pointer dereference
goroutine 38 [running]:
net/http.(*conn).serve.func1()
	/usr/lib/go-1.23/src/net/http/server.go:1947 +0xbe
panic({0x8c11e0?, 0xc528f0?})
	/usr/lib/go-1.23/src/runtime/panic.go:785 +0x132
gotrading/app/controllers.viewChartHandler({0x9ce6c8, 0xc0001a81c0}, 0xc000187b38?)
	/home/uta-s-dao/practice/gotrading/app/controllers/webserver.go:26 +0x7e
net/http.HandlerFunc.ServeHTTP(0xc9d8c0?, {0x9ce6c8?, 0xc0001a81c0?}, 0x731ff6?)
	/usr/lib/go-1.23/src/net/http/server.go:2220 +0x29
net/http.(*ServeMux).ServeHTTP(0x46bf19?, {0x9ce6c8, 0xc0001a81c0}, 0xc0001923c0)
	/usr/lib/go-1.23/src/net/http/server.go:2747 +0x1ca
net/http.serverHandler.ServeHTTP({0xc00018c4b0?}, {0x9ce6c8?, 0xc0001a81c0?}, 0x6?)
	/usr/lib/go-1.23/src/net/http/server.go:3210 +0x8e
net/http.(*conn).serve(0xc000198360, {0x9cee30, 0xc00012d950})
	/usr/lib/go-1.23/src/net/http/server.go:2092 +0x5d0
created by net/http.(*Server).Serve in goroutine 1
	/usr/lib/go-1.23/src/net/http/server.go:3360 +0x485
2025/07/12 15:55:56 server.go:3489: http: panic serving [::1]:57466: runtime error: invalid memory address or nil pointer dereference
goroutine 29 [running]:
net/http.(*conn).serve.func1()
	/usr/lib/go-1.23/src/net/http/server.go:1947 +0xbe
panic({0x8c11e0?, 0xc528f0?})
	/usr/lib/go-1.23/src/runtime/panic.go:785 +0x132
gotrading/app/controllers.viewChartHandler({0x9ce6c8, 0xc00029a000}, 0xc000188b38?)
	/home/uta-s-dao/practice/gotrading/app/controllers/webserver.go:26 +0x7e
net/http.HandlerFunc.ServeHTTP(0xc9d8c0?, {0x9ce6c8?, 0xc00029a000?}, 0x731ff6?)
	/usr/lib/go-1.23/src/net/http/server.go:2220 +0x29
net/http.(*ServeMux).ServeHTTP(0x46bf19?, {0x9ce6c8, 0xc00029a000}, 0xc000192640)
	/usr/lib/go-1.23/src/net/http/server.go:2747 +0x1ca
net/http.serverHandler.ServeHTTP({0xc00018c6f0?}, {0x9ce6c8?, 0xc00029a000?}, 0x6?)
	/usr/lib/go-1.23/src/net/http/server.go:3210 +0x8e
net/http.(*conn).serve(0xc00017e750, {0x9cee30, 0xc00012d950})
	/usr/lib/go-1.23/src/net/http/server.go:2092 +0x5d0
created by net/http.(*Server).Serve in goroutine 1
	/usr/lib/go-1.23/src/net/http/server.go:3360 +0x485
2025/07/12 15:55:56 server.go:3489: http: panic serving [::1]:57464: runtime error: invalid memory address or nil pointer dereference
goroutine 40 [running]:
net/http.(*conn).serve.func1()
	/usr/lib/go-1.23/src/net/http/server.go:1947 +0xbe
panic({0x8c11e0?, 0xc528f0?})
	/usr/lib/go-1.23/src/runtime/panic.go:785 +0x132
gotrading/app/controllers.viewChartHandler({0x9ce6c8, 0xc00029a0e0}, 0xc000187b38?)
	/home/uta-s-dao/practice/gotrading/app/controllers/webserver.go:26 +0x7e
net/http.HandlerFunc.ServeHTTP(0xc9d8c0?, {0x9ce6c8?, 0xc00029a0e0?}, 0x731ff6?)
	/usr/lib/go-1.23/src/net/http/server.go:2220 +0x29
net/http.(*ServeMux).ServeHTTP(0x46bf19?, {0x9ce6c8, 0xc00029a0e0}, 0xc000192500)
	/usr/lib/go-1.23/src/net/http/server.go:2747 +0x1ca
net/http.serverHandler.ServeHTTP({0xc00018c690?}, {0x9ce6c8?, 0xc00029a0e0?}, 0x6?)
	/usr/lib/go-1.23/src/net/http/server.go:3210 +0x8e
net/http.(*conn).serve(0xc000198510, {0x9cee30, 0xc00012d950})
	/usr/lib/go-1.23/src/net/http/server.go:2092 +0x5d0
created by net/http.(*Server).Serve in goroutine 1
	/usr/lib/go-1.23/src/net/http/server.go:3360 +0x485
2025/07/12 15:55:56 server.go:3489: http: panic serving [::1]:57470: runtime error: invalid memory address or nil pointer dereference
goroutine 52 [running]:
net/http.(*conn).serve.func1()
	/usr/lib/go-1.23/src/net/http/server.go:1947 +0xbe
panic({0x8c11e0?, 0xc528f0?})
	/usr/lib/go-1.23/src/runtime/panic.go:785 +0x132
gotrading/app/controllers.viewChartHandler({0x9ce6c8, 0xc00029a1c0}, 0xc000187b38?)
	/home/uta-s-dao/practice/gotrading/app/controllers/webserver.go:26 +0x7e
net/http.HandlerFunc.ServeHTTP(0xc9d8c0?, {0x9ce6c8?, 0xc00029a1c0?}, 0x731ff6?)
	/usr/lib/go-1.23/src/net/http/server.go:2220 +0x29
net/http.(*ServeMux).ServeHTTP(0x46bf19?, {0x9ce6c8, 0xc00029a1c0}, 0xc0002de000)
	/usr/lib/go-1.23/src/net/http/server.go:2747 +0x1ca
net/http.serverHandler.ServeHTTP({0xc000286360?}, {0x9ce6c8?, 0xc00029a1c0?}, 0x6?)
	/usr/lib/go-1.23/src/net/http/server.go:3210 +0x8e
net/http.(*conn).serve(0xc000282240, {0x9cee30, 0xc00012d950})
	/usr/lib/go-1.23/src/net/http/server.go:2092 +0x5d0
created by net/http.(*Server).Serve in goroutine 1
	/usr/lib/go-1.23/src/net/http/server.go:3360 +0x485
2025/07/12 15:55:57 server.go:3489: http: panic serving [::1]:57486: runtime error: invalid memory address or nil pointer dereference
goroutine 54 [running]:
net/http.(*conn).serve.func1()
	/usr/lib/go-1.23/src/net/http/server.go:1947 +0xbe
panic({0x8c11e0?, 0xc528f0?})
	/usr/lib/go-1.23/src/runtime/panic.go:785 +0x132
gotrading/app/controllers.viewChartHandler({0x9ce6c8, 0xc0001a82a0}, 0xc000187b38?)
	/home/uta-s-dao/practice/gotrading/app/controllers/webserver.go:26 +0x7e
net/http.HandlerFunc.ServeHTTP(0xc9d8c0?, {0x9ce6c8?, 0xc0001a82a0?}, 0x731ff6?)
	/usr/lib/go-1.23/src/net/http/server.go:2220 +0x29
net/http.(*ServeMux).ServeHTTP(0x46bf19?, {0x9ce6c8, 0xc0001a82a0}, 0xc0002de140)
	/usr/lib/go-1.23/src/net/http/server.go:2747 +0x1ca
net/http.serverHandler.ServeHTTP({0xc000286540?}, {0x9ce6c8?, 0xc0001a82a0?}, 0x6?)
	/usr/lib/go-1.23/src/net/http/server.go:3210 +0x8e
net/http.(*conn).serve(0xc0002823f0, {0x9cee30, 0xc00012d950})
	/usr/lib/go-1.23/src/net/http/server.go:2092 +0x5d0
created by net/http.(*Server).Serve in goroutine 1
	/usr/lib/go-1.23/src/net/http/server.go:3360 +0x485
2025/07/12 15:55:57 server.go:3489: http: panic serving [::1]:57488: runtime error: invalid memory address or nil pointer dereference
goroutine 42 [running]:
net/http.(*conn).serve.func1()
	/usr/lib/go-1.23/src/net/http/server.go:1947 +0xbe
panic({0x8c11e0?, 0xc528f0?})
	/usr/lib/go-1.23/src/runtime/panic.go:785 +0x132
gotrading/app/controllers.viewChartHandler({0x9ce6c8, 0xc0001a8380}, 0xc000187b38?)
	/home/uta-s-dao/practice/gotrading/app/controllers/webserver.go:26 +0x7e
net/http.HandlerFunc.ServeHTTP(0xc9d8c0?, {0x9ce6c8?, 0xc0001a8380?}, 0x731ff6?)
	/usr/lib/go-1.23/src/net/http/server.go:2220 +0x29
net/http.(*ServeMux).ServeHTTP(0x46bf19?, {0x9ce6c8, 0xc0001a8380}, 0xc000192780)
	/usr/lib/go-1.23/src/net/http/server.go:2747 +0x1ca
net/http.serverHandler.ServeHTTP({0xc00018c900?}, {0x9ce6c8?, 0xc0001a8380?}, 0x6?)
	/usr/lib/go-1.23/src/net/http/server.go:3210 +0x8e
net/http.(*conn).serve(0xc0001986c0, {0x9cee30, 0xc00012d950})
	/usr/lib/go-1.23/src/net/http/server.go:2092 +0x5d0
created by net/http.(*Server).Serve in goroutine 1
	/usr/lib/go-1.23/src/net/http/server.go:3360 +0x485
2025/07/12 15:55:57 server.go:3489: http: panic serving [::1]:57490: runtime error: invalid memory address or nil pointer dereference
goroutine 44 [running]:
net/http.(*conn).serve.func1()
	/usr/lib/go-1.23/src/net/http/server.go:1947 +0xbe
panic({0x8c11e0?, 0xc528f0?})
	/usr/lib/go-1.23/src/runtime/panic.go:785 +0x132
gotrading/app/controllers.viewChartHandler({0x9ce6c8, 0xc0001a8460}, 0xc000187b38?)
	/home/uta-s-dao/practice/gotrading/app/controllers/webserver.go:26 +0x7e
net/http.HandlerFunc.ServeHTTP(0xc9d8c0?, {0x9ce6c8?, 0xc0001a8460?}, 0x731ff6?)
	/usr/lib/go-1.23/src/net/http/server.go:2220 +0x29
net/http.(*ServeMux).ServeHTTP(0x46bf19?, {0x9ce6c8, 0xc0001a8460}, 0xc0001928c0)
	/usr/lib/go-1.23/src/net/http/server.go:2747 +0x1ca
net/http.serverHandler.ServeHTTP({0xc00018cae0?}, {0x9ce6c8?, 0xc0001a8460?}, 0x6?)
	/usr/lib/go-1.23/src/net/http/server.go:3210 +0x8e
net/http.(*conn).serve(0xc000198870, {0x9cee30, 0xc00012d950})
	/usr/lib/go-1.23/src/net/http/server.go:2092 +0x5d0
created by net/http.(*Server).Serve in goroutine 1
	/usr/lib/go-1.23/src/net/http/server.go:3360 +0x485
2025/07/12 15:55:57 server.go:3489: http: panic serving [::1]:57504: runtime error: invalid memory address or nil pointer dereference
goroutine 46 [running]:
net/http.(*conn).serve.func1()
	/usr/lib/go-1.23/src/net/http/server.go:1947 +0xbe
panic({0x8c11e0?, 0xc528f0?})
	/usr/lib/go-1.23/src/runtime/panic.go:785 +0x132
gotrading/app/controllers.viewChartHandler({0x9ce6c8, 0xc0001a8540}, 0xc000187b38?)
	/home/uta-s-dao/practice/gotrading/app/controllers/webserver.go:26 +0x7e
net/http.HandlerFunc.ServeHTTP(0xc9d8c0?, {0x9ce6c8?, 0xc0001a8540?}, 0x731ff6?)
	/usr/lib/go-1.23/src/net/http/server.go:2220 +0x29
net/http.(*ServeMux).ServeHTTP(0x46bf19?, {0x9ce6c8, 0xc0001a8540}, 0xc000192a00)
	/usr/lib/go-1.23/src/net/http/server.go:2747 +0x1ca
net/http.serverHandler.ServeHTTP({0xc00018ccc0?}, {0x9ce6c8?, 0xc0001a8540?}, 0x6?)
	/usr/lib/go-1.23/src/net/http/server.go:3210 +0x8e
net/http.(*conn).serve(0xc000198a20, {0x9cee30, 0xc00012d950})
	/usr/lib/go-1.23/src/net/http/server.go:2092 +0x5d0
created by net/http.(*Server).Serve in goroutine 1
	/usr/lib/go-1.23/src/net/http/server.go:3360 +0x485
2025/07/12 15:55:58 server.go:3489: http: panic serving [::1]:57506: runtime error: invalid memory address or nil pointer dereference
goroutine 48 [running]:
net/http.(*conn).serve.func1()
	/usr/lib/go-1.23/src/net/http/server.go:1947 +0xbe
panic({0x8c11e0?, 0xc528f0?})
	/usr/lib/go-1.23/src/runtime/panic.go:785 +0x132
gotrading/app/controllers.viewChartHandler({0x9ce6c8, 0xc0001a8620}, 0xc000187b38?)
	/home/uta-s-dao/practice/gotrading/app/controllers/webserver.go:26 +0x7e
net/http.HandlerFunc.ServeHTTP(0xc9d8c0?, {0x9ce6c8?, 0xc0001a8620?}, 0x731ff6?)
	/usr/lib/go-1.23/src/net/http/server.go:2220 +0x29
net/http.(*ServeMux).ServeHTTP(0x46bf19?, {0x9ce6c8, 0xc0001a8620}, 0xc000192b40)
	/usr/lib/go-1.23/src/net/http/server.go:2747 +0x1ca
net/http.serverHandler.ServeHTTP({0xc00018cea0?}, {0x9ce6c8?, 0xc0001a8620?}, 0x6?)
	/usr/lib/go-1.23/src/net/http/server.go:3210 +0x8e
net/http.(*conn).serve(0xc000198bd0, {0x9cee30, 0xc00012d950})
	/usr/lib/go-1.23/src/net/http/server.go:2092 +0x5d0
created by net/http.(*Server).Serve in goroutine 1
	/usr/lib/go-1.23/src/net/http/server.go:3360 +0x485
2025/07/12 15:56:55 server.go:3489: http: panic serving [::1]:57516: runtime error: invalid memory address or nil pointer dereference
goroutine 66 [running]:
net/http.(*conn).serve.func1()
	/usr/lib/go-1.23/src/net/http/server.go:1947 +0xbe
panic({0x8c11e0?, 0xc528f0?})
	/usr/lib/go-1.23/src/runtime/panic.go:785 +0x132
gotrading/app/controllers.viewChartHandler({0x9ce6c8, 0xc00029a2a0}, 0xc000188b38?)
	/home/uta-s-dao/practice/gotrading/app/controllers/webserver.go:26 +0x7e
net/http.HandlerFunc.ServeHTTP(0xc9d8c0?, {0x9ce6c8?, 0xc00029a2a0?}, 0x731ff6?)
	/usr/lib/go-1.23/src/net/http/server.go:2220 +0x29
net/http.(*ServeMux).ServeHTTP(0x46bf19?, {0x9ce6c8, 0xc00029a2a0}, 0xc0002de280)
	/usr/lib/go-1.23/src/net/http/server.go:2747 +0x1ca
net/http.serverHandler.ServeHTTP({0xc0002865a0?}, {0x9ce6c8?, 0xc00029a2a0?}, 0x6?)
	/usr/lib/go-1.23/src/net/http/server.go:3210 +0x8e
net/http.(*conn).serve(0xc000198d80, {0x9cee30, 0xc00012d950})
	/usr/lib/go-1.23/src/net/http/server.go:2092 +0x5d0
created by net/http.(*Server).Serve in goroutine 1
	/usr/lib/go-1.23/src/net/http/server.go:3360 +0x485
2025/07/12 15:56:55 server.go:3489: http: panic serving [::1]:53830: runtime error: invalid memory address or nil pointer dereference
goroutine 56 [running]:
net/http.(*conn).serve.func1()
	/usr/lib/go-1.23/src/net/http/server.go:1947 +0xbe
panic({0x8c11e0?, 0xc528f0?})
	/usr/lib/go-1.23/src/runtime/panic.go:785 +0x132
gotrading/app/controllers.viewChartHandler({0x9ce6c8, 0xc00029a380}, 0xc000188b38?)
	/home/uta-s-dao/practice/gotrading/app/controllers/webserver.go:26 +0x7e
net/http.HandlerFunc.ServeHTTP(0xc9d8c0?, {0x9ce6c8?, 0xc00029a380?}, 0x731ff6?)
	/usr/lib/go-1.23/src/net/http/server.go:2220 +0x29
net/http.(*ServeMux).ServeHTTP(0x46bf19?, {0x9ce6c8, 0xc00029a380}, 0xc0002de3c0)
	/usr/lib/go-1.23/src/net/http/server.go:2747 +0x1ca
net/http.serverHandler.ServeHTTP({0xc000286780?}, {0x9ce6c8?, 0xc00029a380?}, 0x6?)
	/usr/lib/go-1.23/src/net/http/server.go:3210 +0x8e
net/http.(*conn).serve(0xc0002825a0, {0x9cee30, 0xc00012d950})
	/usr/lib/go-1.23/src/net/http/server.go:2092 +0x5d0
created by net/http.(*Server).Serve in goroutine 1
	/usr/lib/go-1.23/src/net/http/server.go:3360 +0x485
2025/07/12 15:56:55 server.go:3489: http: panic serving [::1]:53844: runtime error: invalid memory address or nil pointer dereference
goroutine 58 [running]:
net/http.(*conn).serve.func1()
	/usr/lib/go-1.23/src/net/http/server.go:1947 +0xbe
panic({0x8c11e0?, 0xc528f0?})
	/usr/lib/go-1.23/src/runtime/panic.go:785 +0x132
gotrading/app/controllers.viewChartHandler({0x9ce6c8, 0xc00029a460}, 0xc000188b38?)
	/home/uta-s-dao/practice/gotrading/app/controllers/webserver.go:26 +0x7e
net/http.HandlerFunc.ServeHTTP(0xc9d8c0?, {0x9ce6c8?, 0xc00029a460?}, 0x731ff6?)
	/usr/lib/go-1.23/src/net/http/server.go:2220 +0x29
net/http.(*ServeMux).ServeHTTP(0x46bf19?, {0x9ce6c8, 0xc00029a460}, 0xc0002de500)
	/usr/lib/go-1.23/src/net/http/server.go:2747 +0x1ca
net/http.serverHandler.ServeHTTP({0xc000286960?}, {0x9ce6c8?, 0xc00029a460?}, 0x6?)
	/usr/lib/go-1.23/src/net/http/server.go:3210 +0x8e
net/http.(*conn).serve(0xc000282750, {0x9cee30, 0xc00012d950})
	/usr/lib/go-1.23/src/net/http/server.go:2092 +0x5d0
created by net/http.(*Server).Serve in goroutine 1
	/usr/lib/go-1.23/src/net/http/server.go:3360 +0x485
2025/07/12 15:58:35 server.go:3489: http: panic serving [::1]:50418: runtime error: invalid memory address or nil pointer dereference
goroutine 37 [running]:
net/http.(*conn).serve.func1()
	/usr/lib/go-1.23/src/net/http/server.go:1947 +0xbe
panic({0x8c11e0?, 0xc528f0?})
	/usr/lib/go-1.23/src/runtime/panic.go:785 +0x132
gotrading/app/controllers.viewChartHandler({0x9ce6c8, 0xc0002ba000}, 0xc000209b38?)
	/home/uta-s-dao/practice/gotrading/app/controllers/webserver.go:26 +0x7e
net/http.HandlerFunc.ServeHTTP(0xc9d8c0?, {0x9ce6c8?, 0xc0002ba000?}, 0x731ff6?)
	/usr/lib/go-1.23/src/net/http/server.go:2220 +0x29
net/http.(*ServeMux).ServeHTTP(0x46bf19?, {0x9ce6c8, 0xc0002ba000}, 0xc00029e000)
	/usr/lib/go-1.23/src/net/http/server.go:2747 +0x1ca
net/http.serverHandler.ServeHTTP({0xc00028e030?}, {0x9ce6c8?, 0xc0002ba000?}, 0x6?)
	/usr/lib/go-1.23/src/net/http/server.go:3210 +0x8e
net/http.(*conn).serve(0xc000206090, {0x9cee30, 0xc0001ad950})
	/usr/lib/go-1.23/src/net/http/server.go:2092 +0x5d0
created by net/http.(*Server).Serve in goroutine 1
	/usr/lib/go-1.23/src/net/http/server.go:3360 +0x485
2025/07/12 15:58:37 server.go:3489: http: panic serving [::1]:50428: runtime error: invalid memory address or nil pointer dereference
goroutine 51 [running]:
net/http.(*conn).serve.func1()
	/usr/lib/go-1.23/src/net/http/server.go:1947 +0xbe
panic({0x8c11e0?, 0xc528f0?})
	/usr/lib/go-1.23/src/runtime/panic.go:785 +0x132
gotrading/app/controllers.viewChartHandler({0x9ce6c8, 0xc0002ba0e0}, 0xc000288b38?)
	/home/uta-s-dao/practice/gotrading/app/controllers/webserver.go:26 +0x7e
net/http.HandlerFunc.ServeHTTP(0xc9d8c0?, {0x9ce6c8?, 0xc0002ba0e0?}, 0x731ff6?)
	/usr/lib/go-1.23/src/net/http/server.go:2220 +0x29
net/http.(*ServeMux).ServeHTTP(0x46bf19?, {0x9ce6c8, 0xc0002ba0e0}, 0xc00029e140)
	/usr/lib/go-1.23/src/net/http/server.go:2747 +0x1ca
net/http.serverHandler.ServeHTTP({0xc00028e270?}, {0x9ce6c8?, 0xc0002ba0e0?}, 0x6?)
	/usr/lib/go-1.23/src/net/http/server.go:3210 +0x8e
net/http.(*conn).serve(0xc0002a2120, {0x9cee30, 0xc0001ad950})
	/usr/lib/go-1.23/src/net/http/server.go:2092 +0x5d0
created by net/http.(*Server).Serve in goroutine 1
	/usr/lib/go-1.23/src/net/http/server.go:3360 +0x485
2025/07/12 15:58:37 server.go:3489: http: panic serving [::1]:50430: runtime error: invalid memory address or nil pointer dereference
goroutine 53 [running]:
net/http.(*conn).serve.func1()
	/usr/lib/go-1.23/src/net/http/server.go:1947 +0xbe
panic({0x8c11e0?, 0xc528f0?})
	/usr/lib/go-1.23/src/runtime/panic.go:785 +0x132
gotrading/app/controllers.viewChartHandler({0x9ce6c8, 0xc0002ba1c0}, 0xc000288b38?)
	/home/uta-s-dao/practice/gotrading/app/controllers/webserver.go:26 +0x7e
net/http.HandlerFunc.ServeHTTP(0xc9d8c0?, {0x9ce6c8?, 0xc0002ba1c0?}, 0x731ff6?)
	/usr/lib/go-1.23/src/net/http/server.go:2220 +0x29
net/http.(*ServeMux).ServeHTTP(0x46bf19?, {0x9ce6c8, 0xc0002ba1c0}, 0xc00029e280)
	/usr/lib/go-1.23/src/net/http/server.go:2747 +0x1ca
net/http.serverHandler.ServeHTTP({0xc00028e450?}, {0x9ce6c8?, 0xc0002ba1c0?}, 0x6?)
	/usr/lib/go-1.23/src/net/http/server.go:3210 +0x8e
net/http.(*conn).serve(0xc0002a22d0, {0x9cee30, 0xc0001ad950})
	/usr/lib/go-1.23/src/net/http/server.go:2092 +0x5d0
created by net/http.(*Server).Serve in goroutine 1
	/usr/lib/go-1.23/src/net/http/server.go:3360 +0x485
2025/07/12 15:58:37 server.go:3489: http: panic serving [::1]:50442: runtime error: invalid memory address or nil pointer dereference
goroutine 55 [running]:
net/http.(*conn).serve.func1()
	/usr/lib/go-1.23/src/net/http/server.go:1947 +0xbe
panic({0x8c11e0?, 0xc528f0?})
	/usr/lib/go-1.23/src/runtime/panic.go:785 +0x132
gotrading/app/controllers.viewChartHandler({0x9ce6c8, 0xc0002ba2a0}, 0xc000288b38?)
	/home/uta-s-dao/practice/gotrading/app/controllers/webserver.go:26 +0x7e
net/http.HandlerFunc.ServeHTTP(0xc9d8c0?, {0x9ce6c8?, 0xc0002ba2a0?}, 0x731ff6?)
	/usr/lib/go-1.23/src/net/http/server.go:2220 +0x29
net/http.(*ServeMux).ServeHTTP(0x46bf19?, {0x9ce6c8, 0xc0002ba2a0}, 0xc00029e3c0)
	/usr/lib/go-1.23/src/net/http/server.go:2747 +0x1ca
net/http.serverHandler.ServeHTTP({0xc00028e630?}, {0x9ce6c8?, 0xc0002ba2a0?}, 0x6?)
	/usr/lib/go-1.23/src/net/http/server.go:3210 +0x8e
net/http.(*conn).serve(0xc0002a2480, {0x9cee30, 0xc0001ad950})
	/usr/lib/go-1.23/src/net/http/server.go:2092 +0x5d0
created by net/http.(*Server).Serve in goroutine 1
	/usr/lib/go-1.23/src/net/http/server.go:3360 +0x485
2025/07/12 15:58:37 server.go:3489: http: panic serving [::1]:50458: runtime error: invalid memory address or nil pointer dereference
goroutine 57 [running]:
net/http.(*conn).serve.func1()
	/usr/lib/go-1.23/src/net/http/server.go:1947 +0xbe
panic({0x8c11e0?, 0xc528f0?})
	/usr/lib/go-1.23/src/runtime/panic.go:785 +0x132
gotrading/app/controllers.viewChartHandler({0x9ce6c8, 0xc000136000}, 0xc000284b38?)
	/home/uta-s-dao/practice/gotrading/app/controllers/webserver.go:26 +0x7e
net/http.HandlerFunc.ServeHTTP(0xc9d8c0?, {0x9ce6c8?, 0xc000136000?}, 0x731ff6?)
	/usr/lib/go-1.23/src/net/http/server.go:2220 +0x29
net/http.(*ServeMux).ServeHTTP(0x46bf19?, {0x9ce6c8, 0xc000136000}, 0xc000122000)
	/usr/lib/go-1.23/src/net/http/server.go:2747 +0x1ca
net/http.serverHandler.ServeHTTP({0xc00011e030?}, {0x9ce6c8?, 0xc000136000?}, 0x6?)
	/usr/lib/go-1.23/src/net/http/server.go:3210 +0x8e
net/http.(*conn).serve(0xc0002a2630, {0x9cee30, 0xc0001ad950})
	/usr/lib/go-1.23/src/net/http/server.go:2092 +0x5d0
created by net/http.(*Server).Serve in goroutine 1
	/usr/lib/go-1.23/src/net/http/server.go:3360 +0x485
2025/07/12 15:58:37 server.go:3489: http: panic serving [::1]:50468: runtime error: invalid memory address or nil pointer dereference
goroutine 21 [running]:
net/http.(*conn).serve.func1()
	/usr/lib/go-1.23/src/net/http/server.go:1947 +0xbe
panic({0x8c11e0?, 0xc528f0?})
	/usr/lib/go-1.23/src/runtime/panic.go:785 +0x132
gotrading/app/controllers.viewChartHandler({0x9ce6c8, 0xc0001360e0}, 0xc000284b38?)
	/home/uta-s-dao/practice/gotrading/app/controllers/webserver.go:26 +0x7e
net/http.HandlerFunc.ServeHTTP(0xc9d8c0?, {0x9ce6c8?, 0xc0001360e0?}, 0x731ff6?)
	/usr/lib/go-1.23/src/net/http/server.go:2220 +0x29
net/http.(*ServeMux).ServeHTTP(0x46bf19?, {0x9ce6c8, 0xc0001360e0}, 0xc000122140)
	/usr/lib/go-1.23/src/net/http/server.go:2747 +0x1ca
net/http.serverHandler.ServeHTTP({0xc00011e240?}, {0x9ce6c8?, 0xc0001360e0?}, 0x6?)
	/usr/lib/go-1.23/src/net/http/server.go:3210 +0x8e
net/http.(*conn).serve(0xc000126120, {0x9cee30, 0xc0001ad950})
	/usr/lib/go-1.23/src/net/http/server.go:2092 +0x5d0
created by net/http.(*Server).Serve in goroutine 1
	/usr/lib/go-1.23/src/net/http/server.go:3360 +0x485
2025/07/12 15:58:37 server.go:3489: http: panic serving [::1]:50476: runtime error: invalid memory address or nil pointer dereference
goroutine 23 [running]:
net/http.(*conn).serve.func1()
	/usr/lib/go-1.23/src/net/http/server.go:1947 +0xbe
panic({0x8c11e0?, 0xc528f0?})
	/usr/lib/go-1.23/src/runtime/panic.go:785 +0x132
gotrading/app/controllers.viewChartHandler({0x9ce6c8, 0xc0001361c0}, 0xc000284b38?)
	/home/uta-s-dao/practice/gotrading/app/controllers/webserver.go:26 +0x7e
net/http.HandlerFunc.ServeHTTP(0xc9d8c0?, {0x9ce6c8?, 0xc0001361c0?}, 0x731ff6?)
	/usr/lib/go-1.23/src/net/http/server.go:2220 +0x29
net/http.(*ServeMux).ServeHTTP(0x46bf19?, {0x9ce6c8, 0xc0001361c0}, 0xc000122280)
	/usr/lib/go-1.23/src/net/http/server.go:2747 +0x1ca
net/http.serverHandler.ServeHTTP({0xc00011e420?}, {0x9ce6c8?, 0xc0001361c0?}, 0x6?)
	/usr/lib/go-1.23/src/net/http/server.go:3210 +0x8e
net/http.(*conn).serve(0xc0001262d0, {0x9cee30, 0xc0001ad950})
	/usr/lib/go-1.23/src/net/http/server.go:2092 +0x5d0
created by net/http.(*Server).Serve in goroutine 1
	/usr/lib/go-1.23/src/net/http/server.go:3360 +0x485
2025/07/12 15:58:40 server.go:3489: http: panic serving [::1]:50478: runtime error: invalid memory address or nil pointer dereference
goroutine 25 [running]:
net/http.(*conn).serve.func1()
	/usr/lib/go-1.23/src/net/http/server.go:1947 +0xbe
panic({0x8c11e0?, 0xc528f0?})
	/usr/lib/go-1.23/src/runtime/panic.go:785 +0x132
gotrading/app/controllers.viewChartHandler({0x9ce6c8, 0xc0002000e0}, 0xc00006eb38?)
	/home/uta-s-dao/practice/gotrading/app/controllers/webserver.go:26 +0x7e
net/http.HandlerFunc.ServeHTTP(0xc9d8c0?, {0x9ce6c8?, 0xc0002000e0?}, 0x731ff6?)
	/usr/lib/go-1.23/src/net/http/server.go:2220 +0x29
net/http.(*ServeMux).ServeHTTP(0x46bf19?, {0x9ce6c8, 0xc0002000e0}, 0xc0001d8500)
	/usr/lib/go-1.23/src/net/http/server.go:2747 +0x1ca
net/http.serverHandler.ServeHTTP({0xc0001ada40?}, {0x9ce6c8?, 0xc0002000e0?}, 0x6?)
	/usr/lib/go-1.23/src/net/http/server.go:3210 +0x8e
net/http.(*conn).serve(0xc000126480, {0x9cee30, 0xc0001ad950})
	/usr/lib/go-1.23/src/net/http/server.go:2092 +0x5d0
created by net/http.(*Server).Serve in goroutine 1
	/usr/lib/go-1.23/src/net/http/server.go:3360 +0x485
2025/07/12 15:58:40 server.go:3489: http: panic serving [::1]:50488: runtime error: invalid memory address or nil pointer dereference
goroutine 39 [running]:
net/http.(*conn).serve.func1()
	/usr/lib/go-1.23/src/net/http/server.go:1947 +0xbe
panic({0x8c11e0?, 0xc528f0?})
	/usr/lib/go-1.23/src/runtime/panic.go:785 +0x132
gotrading/app/controllers.viewChartHandler({0x9ce6c8, 0xc0002001c0}, 0xc00006eb38?)
	/home/uta-s-dao/practice/gotrading/app/controllers/webserver.go:26 +0x7e
net/http.HandlerFunc.ServeHTTP(0xc9d8c0?, {0x9ce6c8?, 0xc0002001c0?}, 0x731ff6?)
	/usr/lib/go-1.23/src/net/http/server.go:2220 +0x29
net/http.(*ServeMux).ServeHTTP(0x46bf19?, {0x9ce6c8, 0xc0002001c0}, 0xc0001d8640)
	/usr/lib/go-1.23/src/net/http/server.go:2747 +0x1ca
net/http.serverHandler.ServeHTTP({0xc0001adc50?}, {0x9ce6c8?, 0xc0002001c0?}, 0x6?)
	/usr/lib/go-1.23/src/net/http/server.go:3210 +0x8e
net/http.(*conn).serve(0xc000206240, {0x9cee30, 0xc0001ad950})
	/usr/lib/go-1.23/src/net/http/server.go:2092 +0x5d0
created by net/http.(*Server).Serve in goroutine 1
	/usr/lib/go-1.23/src/net/http/server.go:3360 +0x485
2025/07/12 15:58:40 server.go:3489: http: panic serving [::1]:34002: runtime error: invalid memory address or nil pointer dereference
goroutine 41 [running]:
net/http.(*conn).serve.func1()
	/usr/lib/go-1.23/src/net/http/server.go:1947 +0xbe
panic({0x8c11e0?, 0xc528f0?})
	/usr/lib/go-1.23/src/runtime/panic.go:785 +0x132
gotrading/app/controllers.viewChartHandler({0x9ce6c8, 0xc0002ba380}, 0xc000288b38?)
	/home/uta-s-dao/practice/gotrading/app/controllers/webserver.go:26 +0x7e
net/http.HandlerFunc.ServeHTTP(0xc9d8c0?, {0x9ce6c8?, 0xc0002ba380?}, 0x731ff6?)
	/usr/lib/go-1.23/src/net/http/server.go:2220 +0x29
net/http.(*ServeMux).ServeHTTP(0x46bf19?, {0x9ce6c8, 0xc0002ba380}, 0xc00029e500)
	/usr/lib/go-1.23/src/net/http/server.go:2747 +0x1ca
net/http.serverHandler.ServeHTTP({0xc00028e810?}, {0x9ce6c8?, 0xc0002ba380?}, 0x6?)
	/usr/lib/go-1.23/src/net/http/server.go:3210 +0x8e
net/http.(*conn).serve(0xc0002063f0, {0x9cee30, 0xc0001ad950})
	/usr/lib/go-1.23/src/net/http/server.go:2092 +0x5d0
created by net/http.(*Server).Serve in goroutine 1
	/usr/lib/go-1.23/src/net/http/server.go:3360 +0x485
2025/07/12 15:58:40 server.go:3489: http: panic serving [::1]:34008: runtime error: invalid memory address or nil pointer dereference
goroutine 59 [running]:
net/http.(*conn).serve.func1()
	/usr/lib/go-1.23/src/net/http/server.go:1947 +0xbe
panic({0x8c11e0?, 0xc528f0?})
	/usr/lib/go-1.23/src/runtime/panic.go:785 +0x132
gotrading/app/controllers.viewChartHandler({0x9ce6c8, 0xc0002ba460}, 0xc000288b38?)
	/home/uta-s-dao/practice/gotrading/app/controllers/webserver.go:26 +0x7e
net/http.HandlerFunc.ServeHTTP(0xc9d8c0?, {0x9ce6c8?, 0xc0002ba460?}, 0x731ff6?)
	/usr/lib/go-1.23/src/net/http/server.go:2220 +0x29
net/http.(*ServeMux).ServeHTTP(0x46bf19?, {0x9ce6c8, 0xc0002ba460}, 0xc00029e640)
	/usr/lib/go-1.23/src/net/http/server.go:2747 +0x1ca
net/http.serverHandler.ServeHTTP({0xc00028e9f0?}, {0x9ce6c8?, 0xc0002ba460?}, 0x6?)
	/usr/lib/go-1.23/src/net/http/server.go:3210 +0x8e
net/http.(*conn).serve(0xc0002a27e0, {0x9cee30, 0xc0001ad950})
	/usr/lib/go-1.23/src/net/http/server.go:2092 +0x5d0
created by net/http.(*Server).Serve in goroutine 1
	/usr/lib/go-1.23/src/net/http/server.go:3360 +0x485
2025/07/12 15:58:40 server.go:3489: http: panic serving [::1]:34022: runtime error: invalid memory address or nil pointer dereference
goroutine 61 [running]:
net/http.(*conn).serve.func1()
	/usr/lib/go-1.23/src/net/http/server.go:1947 +0xbe
panic({0x8c11e0?, 0xc528f0?})
	/usr/lib/go-1.23/src/runtime/panic.go:785 +0x132
gotrading/app/controllers.viewChartHandler({0x9ce6c8, 0xc0002ba540}, 0xc000288b38?)
	/home/uta-s-dao/practice/gotrading/app/controllers/webserver.go:26 +0x7e
net/http.HandlerFunc.ServeHTTP(0xc9d8c0?, {0x9ce6c8?, 0xc0002ba540?}, 0x731ff6?)
	/usr/lib/go-1.23/src/net/http/server.go:2220 +0x29
net/http.(*ServeMux).ServeHTTP(0x46bf19?, {0x9ce6c8, 0xc0002ba540}, 0xc00029e780)
	/usr/lib/go-1.23/src/net/http/server.go:2747 +0x1ca
net/http.serverHandler.ServeHTTP({0xc00028ebd0?}, {0x9ce6c8?, 0xc0002ba540?}, 0x6?)
	/usr/lib/go-1.23/src/net/http/server.go:3210 +0x8e
net/http.(*conn).serve(0xc0002a2990, {0x9cee30, 0xc0001ad950})
	/usr/lib/go-1.23/src/net/http/server.go:2092 +0x5d0
created by net/http.(*Server).Serve in goroutine 1
	/usr/lib/go-1.23/src/net/http/server.go:3360 +0x485
2025/07/12 15:58:41 server.go:3489: http: panic serving [::1]:34032: runtime error: invalid memory address or nil pointer dereference
goroutine 26 [running]:
net/http.(*conn).serve.func1()
	/usr/lib/go-1.23/src/net/http/server.go:1947 +0xbe
panic({0x8c11e0?, 0xc528f0?})
	/usr/lib/go-1.23/src/runtime/panic.go:785 +0x132
gotrading/app/controllers.viewChartHandler({0x9ce6c8, 0xc0002ba620}, 0xc000288b38?)
	/home/uta-s-dao/practice/gotrading/app/controllers/webserver.go:26 +0x7e
net/http.HandlerFunc.ServeHTTP(0xc9d8c0?, {0x9ce6c8?, 0xc0002ba620?}, 0x731ff6?)
	/usr/lib/go-1.23/src/net/http/server.go:2220 +0x29
net/http.(*ServeMux).ServeHTTP(0x46bf19?, {0x9ce6c8, 0xc0002ba620}, 0xc00029e8c0)
	/usr/lib/go-1.23/src/net/http/server.go:2747 +0x1ca
net/http.serverHandler.ServeHTTP({0xc00028ed50?}, {0x9ce6c8?, 0xc0002ba620?}, 0x6?)
	/usr/lib/go-1.23/src/net/http/server.go:3210 +0x8e
net/http.(*conn).serve(0xc000126510, {0x9cee30, 0xc0001ad950})
	/usr/lib/go-1.23/src/net/http/server.go:2092 +0x5d0
created by net/http.(*Server).Serve in goroutine 1
	/usr/lib/go-1.23/src/net/http/server.go:3360 +0x485
2025/07/12 15:58:41 server.go:3489: http: panic serving [::1]:34036: runtime error: invalid memory address or nil pointer dereference
goroutine 64 [running]:
net/http.(*conn).serve.func1()
	/usr/lib/go-1.23/src/net/http/server.go:1947 +0xbe
panic({0x8c11e0?, 0xc528f0?})
	/usr/lib/go-1.23/src/runtime/panic.go:785 +0x132
gotrading/app/controllers.viewChartHandler({0x9ce6c8, 0xc0001362a0}, 0xc000288b38?)
	/home/uta-s-dao/practice/gotrading/app/controllers/webserver.go:26 +0x7e
net/http.HandlerFunc.ServeHTTP(0xc9d8c0?, {0x9ce6c8?, 0xc0001362a0?}, 0x731ff6?)
	/usr/lib/go-1.23/src/net/http/server.go:2220 +0x29
net/http.(*ServeMux).ServeHTTP(0x46bf19?, {0x9ce6c8, 0xc0001362a0}, 0xc00029ea00)
	/usr/lib/go-1.23/src/net/http/server.go:2747 +0x1ca
net/http.serverHandler.ServeHTTP({0xc00028ef30?}, {0x9ce6c8?, 0xc0001362a0?}, 0x6?)
	/usr/lib/go-1.23/src/net/http/server.go:3210 +0x8e
net/http.(*conn).serve(0xc0002a2c60, {0x9cee30, 0xc0001ad950})
	/usr/lib/go-1.23/src/net/http/server.go:2092 +0x5d0
created by net/http.(*Server).Serve in goroutine 1
	/usr/lib/go-1.23/src/net/http/server.go:3360 +0x485
2025/07/12 15:58:41 server.go:3489: http: panic serving [::1]:34044: runtime error: invalid memory address or nil pointer dereference
goroutine 28 [running]:
net/http.(*conn).serve.func1()
	/usr/lib/go-1.23/src/net/http/server.go:1947 +0xbe
panic({0x8c11e0?, 0xc528f0?})
	/usr/lib/go-1.23/src/runtime/panic.go:785 +0x132
gotrading/app/controllers.viewChartHandler({0x9ce6c8, 0xc000136380}, 0xc000288b38?)
	/home/uta-s-dao/practice/gotrading/app/controllers/webserver.go:26 +0x7e
net/http.HandlerFunc.ServeHTTP(0xc9d8c0?, {0x9ce6c8?, 0xc000136380?}, 0x731ff6?)
	/usr/lib/go-1.23/src/net/http/server.go:2220 +0x29
net/http.(*ServeMux).ServeHTTP(0x46bf19?, {0x9ce6c8, 0xc000136380}, 0xc0001223c0)
	/usr/lib/go-1.23/src/net/http/server.go:2747 +0x1ca
net/http.serverHandler.ServeHTTP({0xc00011e870?}, {0x9ce6c8?, 0xc000136380?}, 0x6?)
	/usr/lib/go-1.23/src/net/http/server.go:3210 +0x8e
net/http.(*conn).serve(0xc0001266c0, {0x9cee30, 0xc0001ad950})
	/usr/lib/go-1.23/src/net/http/server.go:2092 +0x5d0
created by net/http.(*Server).Serve in goroutine 1
	/usr/lib/go-1.23/src/net/http/server.go:3360 +0x485
2025/07/12 15:59:11 server.go:3489: http: panic serving [::1]:40344: runtime error: invalid memory address or nil pointer dereference
goroutine 30 [running]:
net/http.(*conn).serve.func1()
	/usr/lib/go-1.23/src/net/http/server.go:1947 +0xbe
panic({0x8c11e0?, 0xc528f0?})
	/usr/lib/go-1.23/src/runtime/panic.go:785 +0x132
gotrading/app/controllers.viewChartHandler({0x9ce6c8, 0xc0002ba700}, 0xc000289b38?)
	/home/uta-s-dao/practice/gotrading/app/controllers/webserver.go:26 +0x7e
net/http.HandlerFunc.ServeHTTP(0xc9d8c0?, {0x9ce6c8?, 0xc0002ba700?}, 0x731ff6?)
	/usr/lib/go-1.23/src/net/http/server.go:2220 +0x29
net/http.(*ServeMux).ServeHTTP(0x46bf19?, {0x9ce6c8, 0xc0002ba700}, 0xc00029eb40)
	/usr/lib/go-1.23/src/net/http/server.go:2747 +0x1ca
net/http.serverHandler.ServeHTTP({0xc00028ef90?}, {0x9ce6c8?, 0xc0002ba700?}, 0x6?)
	/usr/lib/go-1.23/src/net/http/server.go:3210 +0x8e
net/http.(*conn).serve(0xc000126870, {0x9cee30, 0xc0001ad950})
	/usr/lib/go-1.23/src/net/http/server.go:2092 +0x5d0
created by net/http.(*Server).Serve in goroutine 1
	/usr/lib/go-1.23/src/net/http/server.go:3360 +0x485
2025/07/12 16:11:58 bitflyer.go:217: connecting to wss://ws.lightstream.bitflyer.com/json-rpc
2025/07/12 16:11:59 streamdata.go:16: action=StreamIngestionData, {BTC_JPY RUNNING 2025-07-12T07:11:57.856627Z 19262129 1.7331285e+07 1.7336797e+07 0.032 0.02 269.90726383 160.57421869 0 0 1.7331284e+07 715.21540725 715.21540725}
2025/07/12 16:11:59 streamdata.go:16: action=StreamIngestionData, {BTC_JPY RUNNING 2025-07-12T07:11:58.442899Z 19262145 1.7331268e+07 1.7336797e+07 0.05789747 0.02 270.00118815 161.05271679 0 0 1.7331284e+07 715.21540725 715.21540725}
2025/07/12 16:12:00 streamdata.go:16: action=StreamIngestionData, {BTC_JPY RUNNING 2025-07-12T07:11:58.9707101Z 19262163 1.73313e+07 1.7336797e+07 0.5766 0.02 270.82351264 161.05271679 0 0 1.7331284e+07 715.21540725 715.21540725}
2025/07/12 16:12:00 streamdata.go:16: action=StreamIngestionData, {BTC_JPY RUNNING 2025-07-12T07:11:59.5441306Z 19262184 1.7331302e+07 1.7336797e+07 0.02 0.02 270.44148795 161.30411679 0 0 1.7331284e+07 715.21540725 715.21540725}
2025/07/12 16:12:01 streamdata.go:16: action=StreamIngestionData, {BTC_JPY RUNNING 2025-07-12T07:12:00.0568956Z 19262200 1.7331303e+07 1.7336797e+07 0.02 0.02 270.05475245 161.03581679 0 0 1.7331284e+07 715.21540725 715.21540725}
2025/07/12 16:12:02 streamdata.go:16: action=StreamIngestionData, {BTC_JPY RUNNING 2025-07-12T07:12:00.8112903Z 19262220 1.7331304e+07 1.7336797e+07 0.048 0.02 270.29501085 161.32411679 0 0 1.7331284e+07 715.18545758 715.18545758}
2025/07/12 16:12:02 streamdata.go:16: action=StreamIngestionData, {BTC_JPY RUNNING 2025-07-12T07:12:01.3839663Z 19262230 1.7331305e+07 1.7336797e+07 0.02 0.02 270.76977915 161.32411679 0 0 1.7331284e+07 715.17545758 715.17545758}
2025/07/12 16:12:03 streamdata.go:16: action=StreamIngestionData, {BTC_JPY RUNNING 2025-07-12T07:12:01.8770494Z 19262234 1.7331306e+07 1.7336797e+07 0.13572469 0.02 270.85151214 161.32411679 0 0 1.7331284e+07 715.17545758 715.17545758}
2025/07/12 16:12:03 streamdata.go:16: action=StreamIngestionData, {BTC_JPY RUNNING 2025-07-12T07:12:02.4780653Z 19262241 1.7331308e+07 1.7336797e+07 0.13572469 0.02 270.94151214 161.32411679 0 0 1.7331284e+07 715.17545758 715.17545758}
2025/07/12 16:12:04 streamdata.go:16: action=StreamIngestionData, {BTC_JPY RUNNING 2025-07-12T07:12:03.0316999Z 19262267 1.7333e+07 1.7336797e+07 0.2883 0.02 270.4107355 160.05606316 0 0 1.7331284e+07 715.17545758 715.17545758}
2025/07/12 16:12:04 streamdata.go:16: action=StreamIngestionData, {BTC_JPY RUNNING 2025-07-12T07:12:03.5716639Z 19262304 1.7335287e+07 1.734e+07 0.07506 0.82985607 270.1119855 160.67106687 0 0 1.734e+07 715.22095758 715.22095758}
2025/07/12 16:12:05 streamdata.go:16: action=StreamIngestionData, {BTC_JPY RUNNING 2025-07-12T07:12:04.2012548Z 19262329 1.7335293e+07 1.734e+07 0.02 0.82849661 269.70786636 160.71379774 0 0 1.734e+07 715.22231704 715.22231704}
2025/07/12 16:12:06 streamdata.go:16: action=StreamIngestionData, {BTC_JPY RUNNING 2025-07-12T07:12:04.7863176Z 19262352 1.73362e+07 1.734e+07 0.2883 0.82849661 271.11911689 161.23349774 0 0 1.734e+07 715.22231704 715.22231704}
2025/07/12 16:12:06 streamdata.go:16: action=StreamIngestionData, {BTC_JPY RUNNING 2025-07-12T07:12:05.3174798Z 19262366 1.7336203e+07 1.734e+07 0.02 0.82849661 270.97091925 161.23349774 0 0 1.734e+07 715.22231704 715.22231704}
2025/07/12 16:12:07 streamdata.go:16: action=StreamIngestionData, {BTC_JPY RUNNING 2025-07-12T07:12:05.857358Z 19262382 1.7336204e+07 1.734e+07 0.13572469 0.81849661 271.10690974 161.20349774 0 0 1.734e+07 715.23231704 715.23231704}
2025/07/12 16:12:07 streamdata.go:16: action=StreamIngestionData, {BTC_JPY RUNNING 2025-07-12T07:12:06.4170592Z 19262400 1.733621e+07 1.734e+07 0.02 0.81849661 271.01839445 161.20349774 0 0 1.734e+07 715.23231704 715.23231704}
2025/07/12 16:12:08 streamdata.go:16: action=StreamIngestionData, {BTC_JPY RUNNING 2025-07-12T07:12:07.0608282Z 19262411 1.7336212e+07 1.734e+07 0.04 0.81849661 270.99839445 161.20349774 0 0 1.734e+07 715.23231704 715.23231704}
2025/07/12 16:12:08 streamdata.go:16: action=StreamIngestionData, {BTC_JPY RUNNING 2025-07-12T07:12:07.6165893Z 19262421 1.7336216e+07 1.734e+07 0.02 0.81849661 271.13888385 161.20349774 0 0 1.734e+07 715.22806704 715.22806704}
2025/07/12 16:12:09 streamdata.go:16: action=StreamIngestionData, {BTC_JPY RUNNING 2025-07-12T07:12:08.1999267Z 19262433 1.733622e+07 1.734e+07 0.02 0.81849661 270.91849688 161.20349774 0 0 1.734e+07 715.20256704 715.20256704}
2025/07/12 16:12:10 streamdata.go:16: action=StreamIngestionData, {BTC_JPY RUNNING 2025-07-12T07:12:08.8159447Z 19262465 1.7336225e+07 1.734e+07 0.02 0.81849661 270.96444348 161.17522089 0 0 1.734e+07 715.20256704 715.20256704}
2025/07/12 16:12:10 streamdata.go:16: action=StreamIngestionData, {BTC_JPY RUNNING 2025-07-12T07:12:09.3384236Z 19262486 1.7336224e+07 1.734e+07 0.02 0.79849661 270.49984348 160.66371028 0 0 1.734e+07 715.22256704 715.22256704}
2025/07/12 16:12:11 streamdata.go:16: action=StreamIngestionData, {BTC_JPY RUNNING 2025-07-12T07:12:09.9202938Z 19262500 1.7336225e+07 1.734e+07 0.18 0.79849661 270.51184348 160.66371028 0 0 1.734e+07 715.22256704 715.22256704}
2025/07/12 16:12:11 streamdata.go:16: action=StreamIngestionData, {BTC_JPY RUNNING 2025-07-12T07:12:10.4218116Z 19262518 1.73364e+07 1.734e+07 0.2883 0.79849661 270.84747148 160.51528522 0 0 1.734e+07 715.19704704 715.19704704}
2025/07/12 16:12:12 streamdata.go:16: action=StreamIngestionData, {BTC_JPY RUNNING 2025-07-12T07:12:10.915532Z 19262534 1.7336501e+07 1.734e+07 0.04 0.78849661 271.26743578 161.08139845 0 0 1.734e+07 715.20704704 715.20704704}
2025/07/12 16:12:12 streamdata.go:16: action=StreamIngestionData, {BTC_JPY RUNNING 2025-07-12T07:12:11.5349671Z 19262545 1.7336503e+07 1.734e+07 0.13572469 0.77649661 271.33316047 161.06939845 0 0 1.734e+07 715.21904704 715.21904704}
2025/07/12 16:12:13 streamdata.go:16: action=StreamIngestionData, {BTC_JPY RUNNING 2025-07-12T07:12:12.0606956Z 19262559 1.7336506e+07 1.734e+07 0.02 0.77649661 271.13343578 161.18739845 0 0 1.734e+07 715.21604704 715.21604704}
2025/07/12 16:12:13 streamdata.go:16: action=StreamIngestionData, {BTC_JPY RUNNING 2025-07-12T07:12:12.6161699Z 19262589 1.733651e+07 1.734305e+07 0.02 0.2 270.95513578 155.9163494 0 0 1.734e+07 715.99254365 715.99254365}
2025/07/12 16:12:14 streamdata.go:16: action=StreamIngestionData, {BTC_JPY RUNNING 2025-07-12T07:12:13.1852317Z 19262624 1.7336511e+07 1.734305e+07 0.02 0.2 269.33400064 160.22024472 0 0 1.734e+07 715.99254365 715.99254365}
2025/07/12 16:12:15 streamdata.go:16: action=StreamIngestionData, {BTC_JPY RUNNING 2025-07-12T07:12:13.798448Z 19262645 1.7336516e+07 1.734305e+07 0.02 0.2 270.92650743 160.26452398 0 0 1.734e+07 715.99254365 715.99254365}
2025/07/12 16:12:15 streamdata.go:16: action=StreamIngestionData, {BTC_JPY RUNNING 2025-07-12T07:12:14.363646Z 19262667 1.7336518e+07 1.734305e+07 0.13572469 0.2 270.92578669 160.22464188 0 0 1.734e+07 715.99254365 715.99254365}
2025/07/12 16:12:16 streamdata.go:16: action=StreamIngestionData, {BTC_JPY RUNNING 2025-07-12T07:12:14.8662174Z 19262682 1.7336521e+07 1.734305e+07 0.04 0.2 270.8163968 160.04564188 0 0 1.734e+07 715.99254365 715.99254365}
2025/07/12 16:12:16 streamdata.go:16: action=StreamIngestionData, {BTC_JPY RUNNING 2025-07-12T07:12:15.4225709Z 19262699 1.7336523e+07 1.734305e+07 0.04 0.2 270.8863968 160.03884188 0 0 1.734e+07 715.99254365 715.99254365}
2025/07/12 16:12:17 streamdata.go:16: action=StreamIngestionData, {BTC_JPY RUNNING 2025-07-12T07:12:15.8727363Z 19262711 1.7336526e+07 1.734305e+07 0.02 0.2 270.9963967 160.03984188 0 0 1.734e+07 715.99254365 715.99254365}
2025/07/12 16:12:17 streamdata.go:16: action=StreamIngestionData, {BTC_JPY RUNNING 2025-07-12T07:12:16.4415769Z 19262724 1.7336532e+07 1.734305e+07 0.02 0.2 270.9363967 160.03984188 0 0 1.734e+07 715.99254365 715.99254365}
2025/07/12 16:12:18 streamdata.go:16: action=StreamIngestionData, {BTC_JPY RUNNING 2025-07-12T07:12:16.892491Z 19262731 1.7336535e+07 1.734305e+07 0.02 0.2 271.07212139 160.03984188 0 0 1.734e+07 715.99254365 715.99254365}
2025/07/12 16:12:18 streamdata.go:16: action=StreamIngestionData, {BTC_JPY RUNNING 2025-07-12T07:12:17.4944037Z 19262747 1.7336536e+07 1.734305e+07 0.02 0.116 270.908958 159.95684188 0 0 1.734305e+07 716.07654365 716.07654365}
2025/07/12 16:12:19 streamdata.go:16: action=StreamIngestionData, {BTC_JPY RUNNING 2025-07-12T07:12:18.0931341Z 19262770 1.7336542e+07 1.7343049e+07 0.02 0.02 270.8613814 159.99164192 0 0 1.734305e+07 716.07654365 716.07654365}
2025/07/12 16:12:19 streamdata.go:16: action=StreamIngestionData, {BTC_JPY RUNNING 2025-07-12T07:12:18.6181515Z 19262780 1.7336541e+07 1.7343049e+07 0.02 0.02 270.1613814 159.99264192 0 0 1.734305e+07 716.07654365 716.07654365}
2025/07/12 16:12:20 streamdata.go:16: action=StreamIngestionData, {BTC_JPY RUNNING 2025-07-12T07:12:19.1994746Z 19262795 1.7336542e+07 1.734305e+07 0.13572469 0.116 270.25710609 159.40604302 0 0 1.734305e+07 716.07654365 716.07654365}
2025/07/12 16:12:20 streamdata.go:16: action=StreamIngestionData, {BTC_JPY RUNNING 2025-07-12T07:12:19.663896Z 19262816 1.7336544e+07 1.734305e+07 0.02 0.106 270.2173963 159.97264302 0 0 1.734305e+07 716.08654365 716.08654365}
2025/07/12 16:12:21 streamdata.go:16: action=StreamIngestionData, {BTC_JPY RUNNING 2025-07-12T07:12:20.2404619Z 19262834 1.7336547e+07 1.734305e+07 0.02 0.106 270.35312099 159.96267425 0 0 1.734305e+07 716.05659397 716.05659397}
2025/07/12 16:12:22 streamdata.go:16: action=StreamIngestionData, {BTC_JPY RUNNING 2025-07-12T07:12:20.7162045Z 19262854 1.7336551e+07 1.734305e+07 0.02 0.0891 270.01792099 159.36517425 0 0 1.734305e+07 716.07349397 716.07349397}
2025/07/12 16:12:22 streamdata.go:16: action=StreamIngestionData, {BTC_JPY RUNNING 2025-07-12T07:12:21.2880606Z 19262868 1.7336552e+07 1.734305e+07 0.15572469 0.0891 270.12158669 159.38517425 0 0 1.734305e+07 716.07349397 716.07349397}
2025/07/12 16:12:22 streamdata.go:16: action=StreamIngestionData, {BTC_JPY RUNNING 2025-07-12T07:12:21.7638348Z 19262880 1.7336555e+07 1.734305e+07 0.04 0.0891 269.931769 159.38617425 0 0 1.734305e+07 716.07349397 716.07349397}
2025/07/12 16:12:23 streamdata.go:16: action=StreamIngestionData, {BTC_JPY RUNNING 2025-07-12T07:12:22.3304362Z 19262900 1.7337203e+07 1.734305e+07 0.02 0.0891 270.31725469 159.97350145 0 0 1.734305e+07 716.07349397 716.07349397}
2025/07/12 16:12:24 streamdata.go:16: action=StreamIngestionData, {BTC_JPY RUNNING 2025-07-12T07:12:22.9012111Z 19262915 1.7337206e+07 1.734305e+07 0.02 0.0891 270.43967769 159.97350145 0 0 1.734305e+07 716.07349397 716.07349397}
2025/07/12 16:12:24 streamdata.go:16: action=StreamIngestionData, {BTC_JPY RUNNING 2025-07-12T07:12:23.3317586Z 19262927 1.7337207e+07 1.734305e+07 0.02 0.0891 270.29669269 159.97350145 0 0 1.734305e+07 716.07349397 716.07349397}
2025/07/12 16:12:25 streamdata.go:16: action=StreamIngestionData, {BTC_JPY RUNNING 2025-07-12T07:12:23.992324Z 19262947 1.7337211e+07 1.734305e+07 0.02 0.0891 270.13637078 159.68520145 0 0 1.7337207e+07 716.07849397 716.07849397}
2025/07/12 16:12:25 streamdata.go:16: action=StreamIngestionData, {BTC_JPY RUNNING 2025-07-12T07:12:24.4531293Z 19262966 1.7337216e+07 1.734305e+07 0.02 0.0891 270.34737078 159.70700145 0 0 1.7337207e+07 716.07849397 716.07849397}
2025/07/12 16:12:26 streamdata.go:16: action=StreamIngestionData, {BTC_JPY RUNNING 2025-07-12T07:12:25.0631071Z 19262984 1.733722e+07 1.7343049e+07 0.15572469 0.02 270.30409547 160.01530145 0 0 1.7337207e+07 716.07849397 716.07849397}
2025/07/12 16:17:28 bitflyer.go:217: connecting to wss://ws.lightstream.bitflyer.com/json-rpc
2025/07/12 16:17:28 streamdata.go:16: action=StreamIngestionData, {BTC_JPY RUNNING 2025-07-12T07:17:27.3001292Z 19269673 1.734023e+07 1.734872e+07 0.0112728 0.02 269.92498341 165.43392263 0 0 1.7340228e+07 717.08464744 717.08464744}
2025/07/12 16:17:29 streamdata.go:16: action=StreamIngestionData, {BTC_JPY RUNNING 2025-07-12T07:17:27.8733557Z 19269685 1.7339421e+07 1.7348718e+07 0.0112728 0.02 270.02020901 165.25023041 0 0 1.7340228e+07 717.08464744 717.08464744}
2025/07/12 16:17:29 streamdata.go:16: action=StreamIngestionData, {BTC_JPY RUNNING 2025-07-12T07:17:28.3738513Z 19269692 1.7339421e+07 1.7348717e+07 0.0112728 0.02 269.91020901 165.25023041 0 0 1.7340228e+07 717.08464744 717.08464744}
2025/07/12 16:17:30 streamdata.go:16: action=StreamIngestionData, {BTC_JPY RUNNING 2025-07-12T07:17:28.9107834Z 19269699 1.7339421e+07 1.7348717e+07 0.0112728 0.02 269.91020901 165.45502701 0 0 1.7340228e+07 717.07464744 717.07464744}
2025/07/12 16:17:30 streamdata.go:16: action=StreamIngestionData, {BTC_JPY RUNNING 2025-07-12T07:17:29.5576239Z 19269704 1.7339421e+07 1.7348714e+07 0.0112728 0.02 270.02020901 165.26002701 0 0 1.7340228e+07 717.07464744 717.07464744}
2025/07/12 16:17:31 streamdata.go:16: action=StreamIngestionData, {BTC_JPY RUNNING 2025-07-12T07:17:30.0943375Z 19269714 1.7339421e+07 1.734871e+07 0.0112728 0.02 269.92107001 165.28002701 0 0 1.7340228e+07 717.04469777 717.04469777}
2025/07/12 16:17:31 streamdata.go:16: action=StreamIngestionData, {BTC_JPY RUNNING 2025-07-12T07:17:30.749247Z 19269721 1.73396e+07 1.7348749e+07 0.2883 0.02 270.20937001 165.25502701 0 0 1.7340228e+07 717.02242613 717.02242613}
2025/07/12 16:17:32 streamdata.go:16: action=StreamIngestionData, {BTC_JPY RUNNING 2025-07-12T07:17:31.3909988Z 19269741 1.73406e+07 1.73444e+07 0.0218 0.0109 270.35390839 165.20209194 0 0 1.7340228e+07 716.92492602 716.92492602}
2025/07/12 16:17:33 streamdata.go:16: action=StreamIngestionData, {BTC_JPY RUNNING 2025-07-12T07:17:31.8830096Z 19269755 1.73406e+07 1.7344397e+07 0.0218 0.02 270.52644499 165.32692159 0 0 1.7340228e+07 716.92492602 716.92492602}
2025/07/12 16:17:33 streamdata.go:16: action=StreamIngestionData, {BTC_JPY RUNNING 2025-07-12T07:17:32.6206054Z 19269764 1.73406e+07 1.7344397e+07 0.0218 0.02 270.53072651 164.68352159 0 0 1.7340228e+07 716.85769746 716.85769746}
2025/07/12 16:17:34 streamdata.go:16: action=StreamIngestionData, {BTC_JPY RUNNING 2025-07-12T07:17:33.1539964Z 19269776 1.73406e+07 1.7344397e+07 0.0218 0.02 270.38641871 164.90342499 0 0 1.7340228e+07 716.85769746 716.85769746}
2025/07/12 16:17:35 streamdata.go:16: action=StreamIngestionData, {BTC_JPY RUNNING 2025-07-12T07:17:33.7005963Z 19269796 1.7339403e+07 1.7344397e+07 0.6 0.02 269.62066231 165.24412339 0 0 1.7340228e+07 716.85769746 716.85769746}
2025/07/12 16:17:35 streamdata.go:16: action=StreamIngestionData, {BTC_JPY RUNNING 2025-07-12T07:17:34.1871031Z 19269809 1.7339403e+07 1.73444e+07 0.6 0.0109 270.54356231 165.24109519 0 0 1.7340228e+07 716.85769746 716.85769746}
2025/07/12 16:20:54 bitflyer.go:217: connecting to wss://ws.lightstream.bitflyer.com/json-rpc
2025/07/12 16:20:55 streamdata.go:16: action=StreamIngestionData, {BTC_JPY RUNNING 2025-07-12T07:20:53.9532956Z 19274721 1.7335e+07 1.7340696e+07 0.0803 0.00273149 351.99622843 166.14436342 0 0 1.73407e+07 715.03561072 715.03561072}
2025/07/12 16:20:55 streamdata.go:16: action=StreamIngestionData, {BTC_JPY RUNNING 2025-07-12T07:20:54.5226116Z 19274732 1.7333785e+07 1.7340697e+07 0.6 0.01273149 351.59072191 165.50756342 0 0 1.7340697e+07 715.04561072 715.04561072}
2025/07/12 16:20:56 streamdata.go:16: action=StreamIngestionData, {BTC_JPY RUNNING 2025-07-12T07:20:55.2899609Z 19274755 1.7333785e+07 1.7340697e+07 0.6 0.01273149 351.72966089 165.56256342 0 0 1.7340697e+07 715.04561072 715.04561072}
2025/07/12 16:20:57 streamdata.go:16: action=StreamIngestionData, {BTC_JPY RUNNING 2025-07-12T07:20:55.8926169Z 19274767 1.7335e+07 1.7340697e+07 0.0803 0.01273149 352.06419109 166.25716342 0 0 1.7340697e+07 715.04561072 715.04561072}
2025/07/12 16:20:57 streamdata.go:16: action=StreamIngestionData, {BTC_JPY RUNNING 2025-07-12T07:20:56.4461221Z 19274778 1.7335e+07 1.7340697e+07 0.0803 0.01273149 352.17419109 166.01786242 0 0 1.7340697e+07 715.04561072 715.04561072}
2025/07/12 16:20:58 streamdata.go:16: action=StreamIngestionData, {BTC_JPY RUNNING 2025-07-12T07:20:57.1527916Z 19274794 1.7335e+07 1.7340694e+07 0.0803 0.02 351.76499109 165.94153093 0 0 1.7340697e+07 715.04561072 715.04561072}
2025/07/12 16:20:58 streamdata.go:16: action=StreamIngestionData, {BTC_JPY RUNNING 2025-07-12T07:20:57.6307884Z 19274815 1.73352e+07 1.7340741e+07 0.2883 0.02 352.09879109 166.26433193 0 0 1.7340697e+07 715.01361072 715.01361072}
2025/07/12 16:20:59 streamdata.go:16: action=StreamIngestionData, {BTC_JPY RUNNING 2025-07-12T07:20:58.2030721Z 19274834 1.73352e+07 1.7340767e+07 0.2883 0.03 352.17419109 166.30983193 0 0 1.7340697e+07 715.01361072 715.01361072}
2025/07/12 16:21:00 streamdata.go:16: action=StreamIngestionData, {BTC_JPY RUNNING 2025-07-12T07:20:58.8002185Z 19274851 1.73352e+07 1.7342996e+07 0.2883 0.23 352.06419109 166.47453193 0 0 1.7340697e+07 715.01361072 715.01361072}
2025/07/12 16:21:00 streamdata.go:16: action=StreamIngestionData, {BTC_JPY RUNNING 2025-07-12T07:20:59.4136552Z 19274871 1.7340688e+07 1.73427e+07 0.01 0.2883 352.08512949 166.44271273 0 0 1.7340697e+07 715.00361072 715.00361072}
2025/07/12 16:21:01 streamdata.go:16: action=StreamIngestionData, {BTC_JPY RUNNING 2025-07-12T07:20:59.9183752Z 19274883 1.7340688e+07 1.73426e+07 0.01 0.2883 352.19512949 166.21291353 0 0 1.7340697e+07 714.98191072 714.98191072}
2025/07/12 16:21:01 streamdata.go:16: action=StreamIngestionData, {BTC_JPY RUNNING 2025-07-12T07:21:00.5005925Z 19274889 1.7340688e+07 1.7342598e+07 0.01 0.03 352.19512949 166.25271393 0 0 1.7340697e+07 714.98191072 714.98191072}
2025/07/12 16:21:02 streamdata.go:16: action=StreamIngestionData, {BTC_JPY RUNNING 2025-07-12T07:21:00.9628415Z 19274893 1.7340688e+07 1.7342597e+07 0.01 0.06 352.19512949 166.24291353 0 0 1.7340697e+07 714.98191072 714.98191072}
2025/07/12 16:21:02 streamdata.go:16: action=StreamIngestionData, {BTC_JPY RUNNING 2025-07-12T07:21:01.4578195Z 19274898 1.7340688e+07 1.7342584e+07 0.01 0.0098005 352.19512949 166.19371403 0 0 1.7340697e+07 714.98191072 714.98191072}
2025/07/12 16:21:03 streamdata.go:16: action=StreamIngestionData, {BTC_JPY RUNNING 2025-07-12T07:21:02.2212422Z 19274904 1.7340688e+07 1.7342581e+07 0.01 0.03 352.19512949 166.11785805 0 0 1.7340697e+07 714.98191072 714.98191072}
2025/07/12 16:21:03 streamdata.go:16: action=StreamIngestionData, {BTC_JPY RUNNING 2025-07-12T07:21:02.6724873Z 19274907 1.7340688e+07 1.7342581e+07 0.01 0.03 352.19512949 166.19171617 0 0 1.7340697e+07 714.98191072 714.98191072}
2025/07/12 16:21:05 streamdata.go:16: action=StreamIngestionData, {BTC_JPY RUNNING 2025-07-12T07:21:03.9933483Z 19274909 1.7335527e+07 1.7342581e+07 0.0109384 0.03 351.57512949 166.19171617 0 0 1.7340697e+07 714.98191072 714.98191072}
2025/07/12 16:21:06 streamdata.go:16: action=StreamIngestionData, {BTC_JPY RUNNING 2025-07-12T07:21:04.7197729Z 19274922 1.73352e+07 1.7342399e+07 0.2883 0.03 351.45419109 166.21476577 0 0 1.7340697e+07 714.98191072 714.98191072}
2025/07/12 16:21:06 streamdata.go:16: action=StreamIngestionData, {BTC_JPY RUNNING 2025-07-12T07:21:05.2707965Z 19274930 1.73352e+07 1.7342396e+07 0.2883 0.05 351.45419109 166.22496527 0 0 1.7340697e+07 714.98191072 714.98191072}
2025/07/12 16:21:07 streamdata.go:16: action=StreamIngestionData, {BTC_JPY RUNNING 2025-07-12T07:21:05.8206404Z 19274941 1.73352e+07 1.7342393e+07 0.2883 0.03 350.85419109 166.27576577 0 0 1.7340697e+07 714.98191072 714.98191072}
2025/07/12 16:21:07 streamdata.go:16: action=StreamIngestionData, {BTC_JPY RUNNING 2025-07-12T07:21:06.3017748Z 19274955 1.73352e+07 1.7342388e+07 0.2883 0.02 351.42695714 166.31576577 0 0 1.7340697e+07 714.98191072 714.98191072}
2025/07/12 16:21:08 streamdata.go:16: action=StreamIngestionData, {BTC_JPY RUNNING 2025-07-12T07:21:06.9352292Z 19274972 1.73337e+07 1.7342385e+07 0.0109 0.02 351.26203065 166.22696527 0 0 1.7340697e+07 714.98191072 714.98191072}
2025/07/12 16:21:08 streamdata.go:16: action=StreamIngestionData, {BTC_JPY RUNNING 2025-07-12T07:21:07.4725403Z 19274991 1.73335e+07 1.7342382e+07 0.001 0.02 351.33472554 166.25466897 0 0 1.7340697e+07 714.98191072 714.98191072}
2025/07/12 16:21:09 streamdata.go:16: action=StreamIngestionData, {BTC_JPY RUNNING 2025-07-12T07:21:08.0738651Z 19275017 1.73335e+07 1.734235e+07 0.001 0.0098006 351.53119228 166.45976907 0 0 1.7340697e+07 714.98191072 714.98191072}
2025/07/12 16:21:09 streamdata.go:16: action=StreamIngestionData, {BTC_JPY RUNNING 2025-07-12T07:21:08.6399043Z 19275033 1.73335e+07 1.7342349e+07 0.001 0.2 351.45189228 166.28176907 0 0 1.7340697e+07 714.98191072 714.98191072}
2025/07/12 16:21:10 streamdata.go:16: action=StreamIngestionData, {BTC_JPY RUNNING 2025-07-12T07:21:09.2449394Z 19275057 1.73335e+07 1.7342315e+07 0.001 0.0098006 351.16510842 166.24038089 0 0 1.7340697e+07 714.98191072 714.98191072}
2025/07/12 16:21:11 streamdata.go:16: action=StreamIngestionData, {BTC_JPY RUNNING 2025-07-12T07:21:09.7804507Z 19275074 1.73335e+07 1.7342314e+07 0.001 0.29 351.53479642 166.02804649 0 0 1.7340697e+07 714.98191072 714.98191072}
2025/07/12 16:21:11 streamdata.go:16: action=StreamIngestionData, {BTC_JPY RUNNING 2025-07-12T07:21:10.4813647Z 19275109 1.73335e+07 1.7342298e+07 0.001 0.0098006 352.0573402 165.78564663 0 0 1.7340697e+07 714.98191072 714.98191072}
2025/07/12 16:21:12 streamdata.go:16: action=StreamIngestionData, {BTC_JPY RUNNING 2025-07-12T07:21:11.0183111Z 19275130 1.73335e+07 1.7342296e+07 0.001 0.26 352.01124752 165.83794663 0 0 1.7340697e+07 714.98191072 714.98191072}
2025/07/12 16:21:12 streamdata.go:16: action=StreamIngestionData, {BTC_JPY RUNNING 2025-07-12T07:21:11.5005485Z 19275146 1.73335e+07 1.7342297e+07 0.001 0.02 352.01124752 165.53814603 0 0 1.7340697e+07 714.98191072 714.98191072}
2025/07/12 16:21:13 streamdata.go:16: action=StreamIngestionData, {BTC_JPY RUNNING 2025-07-12T07:21:12.04955Z 19275168 1.73335e+07 1.7342279e+07 0.001 0.09 352.11898402 165.83594663 0 0 1.7340697e+07 714.98191072 714.98191072}
2025/07/12 16:21:13 streamdata.go:16: action=StreamIngestionData, {BTC_JPY RUNNING 2025-07-12T07:21:12.5899265Z 19275182 1.73336e+07 1.7342276e+07 0.2883 0.02 352.13138002 165.76614603 0 0 1.7340697e+07 714.98191072 714.98191072}
2025/07/12 16:21:14 streamdata.go:16: action=StreamIngestionData, {BTC_JPY RUNNING 2025-07-12T07:21:13.2041895Z 19275203 1.73338e+07 1.7340897e+07 0.0109 0.02 352.15318002 165.19024653 0 0 1.7340697e+07 714.98191072 714.98191072}
2025/07/12 16:21:14 streamdata.go:16: action=StreamIngestionData, {BTC_JPY RUNNING 2025-07-12T07:21:13.6478361Z 19275215 1.73338e+07 1.73408e+07 0.0109 0.2883 352.14318002 165.44874603 0 0 1.7340697e+07 714.98191072 714.98191072}
2025/07/12 16:21:15 streamdata.go:16: action=StreamIngestionData, {BTC_JPY RUNNING 2025-07-12T07:21:14.2036129Z 19275230 1.73338e+07 1.7340784e+07 0.0109 0.0098015 352.14418002 166.00684753 0 0 1.7340697e+07 714.98191072 714.98191072}
2025/07/12 16:21:16 streamdata.go:16: action=StreamIngestionData, {BTC_JPY RUNNING 2025-07-12T07:21:14.8555771Z 19275248 1.73338e+07 1.734078e+07 0.0109 0.02 352.14418002 165.75704603 0 0 1.7340697e+07 714.98191072 714.98191072}
2025/07/12 16:21:16 streamdata.go:16: action=StreamIngestionData, {BTC_JPY RUNNING 2025-07-12T07:21:15.4149281Z 19275261 1.73338e+07 1.7340766e+07 0.0109 0.0098015 352.14518002 165.74684753 0 0 1.7340697e+07 714.98191072 714.98191072}
2025/07/12 16:21:17 streamdata.go:16: action=StreamIngestionData, {BTC_JPY RUNNING 2025-07-12T07:21:16.0420222Z 19275278 1.73338e+07 1.7340731e+07 0.0109 0.0098015 352.14518002 165.96884753 0 0 1.7340697e+07 714.98191072 714.98191072}
2025/07/12 16:21:17 streamdata.go:16: action=StreamIngestionData, {BTC_JPY RUNNING 2025-07-12T07:21:16.4589956Z 19275287 1.73338e+07 1.734073e+07 0.0109 0.29 352.14618002 166.01904603 0 0 1.7340697e+07 714.98191072 714.98191072}
2025/07/12 16:21:18 streamdata.go:16: action=StreamIngestionData, {BTC_JPY RUNNING 2025-07-12T07:21:17.0825034Z 19275303 1.73338e+07 1.7340728e+07 0.0109 0.26 352.14618002 165.72254583 0 0 1.7340697e+07 714.98191072 714.98191072}
2025/07/12 16:21:18 streamdata.go:16: action=StreamIngestionData, {BTC_JPY RUNNING 2025-07-12T07:21:17.6487739Z 19275326 1.73338e+07 1.7340723e+07 0.0109 0.02 352.14618002 165.94476836 0 0 1.7340697e+07 714.98191072 714.98191072}
2025/07/12 16:21:19 streamdata.go:16: action=StreamIngestionData, {BTC_JPY RUNNING 2025-07-12T07:21:18.1986101Z 19275343 1.73338e+07 1.73399e+07 0.0109 0.2883 352.14718002 165.60846916 0 0 1.7340697e+07 714.98191072 714.98191072}
2025/07/12 16:21:20 streamdata.go:16: action=StreamIngestionData, {BTC_JPY RUNNING 2025-07-12T07:21:18.7320122Z 19275351 1.73338e+07 1.7339897e+07 0.0109 0.02 352.14718002 165.91676916 0 0 1.7340697e+07 714.98191072 714.98191072}
2025/07/12 16:21:20 streamdata.go:16: action=StreamIngestionData, {BTC_JPY RUNNING 2025-07-12T07:21:19.3650191Z 19275372 1.73338e+07 1.7339895e+07 0.0109 0.03 352.02904752 165.71822376 0 0 1.7340697e+07 714.98191072 714.98191072}
2025/07/12 16:21:21 streamdata.go:16: action=StreamIngestionData, {BTC_JPY RUNNING 2025-07-12T07:21:19.9288817Z 19275391 1.7333801e+07 1.7339899e+07 0.02 0.03 352.04904752 165.71822376 0 0 1.7340697e+07 714.98191072 714.98191072}
2025/07/12 16:21:21 streamdata.go:16: action=StreamIngestionData, {BTC_JPY RUNNING 2025-07-12T07:21:20.422002Z 19275407 1.73338e+07 1.7339896e+07 0.0109 0.02 352.13678402 165.71022376 0 0 1.7340697e+07 714.98191072 714.98191072}
2025/07/12 16:21:22 streamdata.go:16: action=StreamIngestionData, {BTC_JPY RUNNING 2025-07-12T07:21:20.9928168Z 19275420 1.7333801e+07 1.7339887e+07 0.02 0.02 352.15678402 165.74022376 0 0 1.733989e+07 714.99191072 714.99191072}
2025/07/12 16:21:22 streamdata.go:16: action=StreamIngestionData, {BTC_JPY RUNNING 2025-07-12T07:21:21.6126486Z 19275439 1.73338e+07 1.733989e+07 0.0109 0.02 352.14678402 165.92132056 0 0 1.733989e+07 714.99191072 714.99191072}
2025/07/12 16:21:23 streamdata.go:16: action=StreamIngestionData, {BTC_JPY RUNNING 2025-07-12T07:21:22.150897Z 19275452 1.73338e+07 1.7339896e+07 0.0109 0.04 352.14678402 165.72132056 0 0 1.733989e+07 714.99191072 714.99191072}
2025/07/12 16:21:24 streamdata.go:16: action=StreamIngestionData, {BTC_JPY RUNNING 2025-07-12T07:21:22.8531589Z 19275470 1.7333801e+07 1.7339892e+07 0.02 0.02 352.1551073 165.71152042 0 0 1.733989e+07 714.99191072 714.99191072}
2025/07/12 16:21:24 streamdata.go:16: action=StreamIngestionData, {BTC_JPY RUNNING 2025-07-12T07:21:23.3316188Z 19275486 1.7333801e+07 1.7339889e+07 0.02 0.02 352.1560073 165.70242042 0 0 1.733989e+07 714.99191072 714.99191072}
2025/07/12 16:21:25 streamdata.go:16: action=StreamIngestionData, {BTC_JPY RUNNING 2025-07-12T07:21:23.974791Z 19275505 1.7333801e+07 1.7339896e+07 0.02 0.02 352.0702708 165.70242042 0 0 1.733989e+07 714.99191072 714.99191072}
2025/07/12 16:21:25 streamdata.go:16: action=StreamIngestionData, {BTC_JPY RUNNING 2025-07-12T07:21:24.4985507Z 19275513 1.7333801e+07 1.7339893e+07 0.02 0.02 352.1780073 165.70242042 0 0 1.733989e+07 714.99191072 714.99191072}
2025/07/12 16:21:26 streamdata.go:16: action=StreamIngestionData, {BTC_JPY RUNNING 2025-07-12T07:21:25.0625386Z 19275530 1.7333601e+07 1.733989e+07 0.02 0.02 352.1800073 165.70242042 0 0 1.733989e+07 714.99191072 714.99191072}
2025/07/12 16:21:26 streamdata.go:16: action=StreamIngestionData, {BTC_JPY RUNNING 2025-07-12T07:21:25.5714916Z 19275540 1.7333601e+07 1.7339888e+07 0.02 0.02 352.14309935 165.72242042 0 0 1.733989e+07 714.99191072 714.99191072}
2025/07/12 16:34:18 bitflyer.go:217: connecting to wss://ws.lightstream.bitflyer.com/json-rpc
2025/07/12 16:34:18 streamdata.go:16: action=StreamIngestionData, {BTC_JPY RUNNING 2025-07-12T07:34:17.7366412Z 19290146 1.7325558e+07 1.7327774e+07 0.02 0.08508 353.76766233 165.53721009 0 0 1.7325905e+07 710.96347925 710.96347925}
2025/07/12 16:34:19 streamdata.go:16: action=StreamIngestionData, {BTC_JPY RUNNING 2025-07-12T07:34:18.3375715Z 19290156 1.7325558e+07 1.7327774e+07 0.02 0.08508 353.77747493 165.27337059 0 0 1.7325905e+07 710.96347925 710.96347925}
2025/07/12 16:34:20 streamdata.go:16: action=StreamIngestionData, {BTC_JPY RUNNING 2025-07-12T07:34:18.8930156Z 19290167 1.7325558e+07 1.7327774e+07 0.02 0.08508 353.16766233 164.68047059 0 0 1.7325905e+07 710.96347925 710.96347925}
2025/07/12 16:34:20 streamdata.go:16: action=StreamIngestionData, {BTC_JPY RUNNING 2025-07-12T07:34:19.4587928Z 19290176 1.7325558e+07 1.7327774e+07 0.02 0.08508 353.17747493 164.68047119 0 0 1.7325905e+07 710.96347925 710.96347925}
2025/07/12 16:34:21 streamdata.go:16: action=StreamIngestionData, {BTC_JPY RUNNING 2025-07-12T07:34:20.2274501Z 19290182 1.7325558e+07 1.7327774e+07 0.02 0.08508 353.17747493 164.66001009 0 0 1.7325905e+07 710.96347925 710.96347925}
2025/07/12 16:34:22 streamdata.go:16: action=StreamIngestionData, {BTC_JPY RUNNING 2025-07-12T07:34:20.9188425Z 19290196 1.7325558e+07 1.7327774e+07 0.02 0.08508 353.64662343 165.45491009 0 0 1.7325905e+07 710.96347925 710.96347925}
2025/07/12 16:34:22 streamdata.go:16: action=StreamIngestionData, {BTC_JPY RUNNING 2025-07-12T07:34:21.3680115Z 19290204 1.7325558e+07 1.7327774e+07 0.02 0.08508 353.72833613 165.27737039 0 0 1.7325905e+07 710.96347925 710.96347925}
2025/07/12 16:34:23 streamdata.go:16: action=StreamIngestionData, {BTC_JPY RUNNING 2025-07-12T07:34:21.923466Z 19290214 1.7325558e+07 1.7327774e+07 0.02 0.08508 353.76766233 165.45591009 0 0 1.7325905e+07 710.96347925 710.96347925}
2025/07/12 16:34:23 streamdata.go:16: action=StreamIngestionData, {BTC_JPY RUNNING 2025-07-12T07:34:22.491213Z 19290225 1.7325558e+07 1.7327774e+07 0.02 0.08508 353.75666233 165.27837039 0 0 1.7325905e+07 710.96347925 710.96347925}
2025/07/12 16:34:24 streamdata.go:16: action=StreamIngestionData, {BTC_JPY RUNNING 2025-07-12T07:34:23.1073223Z 19290234 1.7325558e+07 1.7327774e+07 0.02 0.08508 353.76647523 165.56867039 0 0 1.7325905e+07 710.96347925 710.96347925}
2025/07/12 16:34:25 streamdata.go:16: action=StreamIngestionData, {BTC_JPY RUNNING 2025-07-12T07:34:23.7326766Z 19290242 1.7325558e+07 1.7327774e+07 0.02 0.08508 353.74576233 165.25791009 0 0 1.7325905e+07 710.96347925 710.96347925}
2025/07/12 16:34:25 streamdata.go:16: action=StreamIngestionData, {BTC_JPY RUNNING 2025-07-12T07:34:24.335117Z 19290255 1.7325558e+07 1.7327774e+07 0.02 0.08508 353.76647503 165.57067039 0 0 1.7325905e+07 710.96347925 710.96347925}
2025/07/12 16:34:26 streamdata.go:16: action=StreamIngestionData, {BTC_JPY RUNNING 2025-07-12T07:34:24.8362394Z 19290261 1.7325558e+07 1.7327774e+07 0.02 0.08508 353.75766233 165.73721009 0 0 1.7325905e+07 710.95847925 710.95847925}
2025/07/12 16:34:26 streamdata.go:16: action=StreamIngestionData, {BTC_JPY RUNNING 2025-07-12T07:34:25.3493533Z 19290270 1.7325558e+07 1.7327774e+07 0.02 0.08508 353.76647503 165.65000995 0 0 1.7325905e+07 710.95847925 710.95847925}
2025/07/12 16:34:27 streamdata.go:16: action=StreamIngestionData, {BTC_JPY RUNNING 2025-07-12T07:34:26.1555204Z 19290276 1.7325558e+07 1.7327774e+07 0.02 0.08508 353.77727263 165.46100995 0 0 1.7325905e+07 710.95847925 710.95847925}
2025/07/12 16:34:28 streamdata.go:16: action=StreamIngestionData, {BTC_JPY RUNNING 2025-07-12T07:34:26.9044856Z 19290286 1.7325558e+07 1.7327774e+07 0.02 0.08508 353.77927263 165.47247015 0 0 1.7325905e+07 710.95847925 710.95847925}
2025/07/12 16:34:28 streamdata.go:16: action=StreamIngestionData, {BTC_JPY RUNNING 2025-07-12T07:34:27.4256594Z 19290290 1.7325558e+07 1.7327774e+07 0.02 0.08508 353.78127263 165.28346965 0 0 1.7325905e+07 710.95847925 710.95847925}
2025/07/12 16:34:29 streamdata.go:16: action=StreamIngestionData, {BTC_JPY RUNNING 2025-07-12T07:34:27.9336057Z 19290294 1.7325558e+07 1.7327774e+07 0.02 0.08508 353.78127263 165.28346965 0 0 1.7325905e+07 710.95847925 710.95847925}
2025/07/12 16:34:29 streamdata.go:16: action=StreamIngestionData, {BTC_JPY RUNNING 2025-07-12T07:34:28.5474757Z 19290300 1.7325558e+07 1.7327774e+07 0.02 0.08508 353.78327263 165.47246965 0 0 1.7325905e+07 710.95847925 710.95847925}
2025/07/12 16:34:30 streamdata.go:16: action=StreamIngestionData, {BTC_JPY RUNNING 2025-07-12T07:34:29.1962391Z 19290307 1.7325558e+07 1.7327774e+07 0.02 0.08508 353.78327263 165.28346965 0 0 1.7325905e+07 710.95847925 710.95847925}
2025/07/12 16:34:30 streamdata.go:16: action=StreamIngestionData, {BTC_JPY RUNNING 2025-07-12T07:34:29.6995591Z 19290316 1.7325558e+07 1.7327774e+07 0.02 0.08508 353.74942585 165.28346965 0 0 1.7325905e+07 710.95847925 710.95847925}
2025/07/12 16:36:08 bitflyer.go:217: connecting to wss://ws.lightstream.bitflyer.com/json-rpc
2025/07/12 16:36:08 streamdata.go:16: action=StreamIngestionData, {BTC_JPY RUNNING 2025-07-12T07:36:07.5758833Z 19292391 1.732e+07 1.73251e+07 0.001 0.2883 353.62015888 166.14759619 0 0 1.7323e+07 711.4043093 711.4043093}
2025/07/12 16:36:09 streamdata.go:16: action=StreamIngestionData, {BTC_JPY RUNNING 2025-07-12T07:36:08.1255183Z 19292411 1.7320025e+07 1.73243e+07 0.0329 0.2883 353.88892758 165.83129619 0 0 1.7323e+07 711.4043093 711.4043093}
2025/07/12 16:36:09 streamdata.go:16: action=StreamIngestionData, {BTC_JPY RUNNING 2025-07-12T07:36:08.7306772Z 19292423 1.7320025e+07 1.73239e+07 0.0329 0.2883 353.91264208 166.19949619 0 0 1.7323e+07 711.4043093 711.4043093}
2025/07/12 16:36:10 streamdata.go:16: action=StreamIngestionData, {BTC_JPY RUNNING 2025-07-12T07:36:09.301243Z 19292432 1.7320026e+07 1.7323897e+07 0.16 0.02 353.89972758 166.15249619 0 0 1.7323e+07 711.4043093 711.4043093}
2025/07/12 16:36:11 streamdata.go:16: action=StreamIngestionData, {BTC_JPY RUNNING 2025-07-12T07:36:09.8037498Z 19292444 1.7320049e+07 1.7323896e+07 0.0323 0.049 353.91912758 165.73006499 0 0 1.7323e+07 711.4043093 711.4043093}
2025/07/12 16:36:11 streamdata.go:16: action=StreamIngestionData, {BTC_JPY RUNNING 2025-07-12T07:36:10.4272729Z 19292453 1.7320049e+07 1.73239e+07 0.0323 0.2883 353.76042288 166.13906499 0 0 1.7323e+07 711.4043093 711.4043093}
2025/07/12 16:36:12 streamdata.go:16: action=StreamIngestionData, {BTC_JPY RUNNING 2025-07-12T07:36:11.0386727Z 19292472 1.7320079e+07 1.73239e+07 0.0307 0.2883 353.98852758 165.96152889 0 0 1.7323e+07 711.4043093 711.4043093}
2025/07/12 16:36:12 streamdata.go:16: action=StreamIngestionData, {BTC_JPY RUNNING 2025-07-12T07:36:11.5935441Z 19292482 1.7320079e+07 1.7323896e+07 0.0307 0.049 353.75882288 166.03162885 0 0 1.7323e+07 711.4043093 711.4043093}
2025/07/12 16:36:13 streamdata.go:16: action=StreamIngestionData, {BTC_JPY RUNNING 2025-07-12T07:36:12.1425786Z 19292495 1.732008e+07 1.7323893e+07 0.23 0.02 353.89611482 166.03162885 0 0 1.7323e+07 711.4043093 711.4043093}
2025/07/12 16:36:14 streamdata.go:16: action=StreamIngestionData, {BTC_JPY RUNNING 2025-07-12T07:36:12.7882927Z 19292507 1.7320089e+07 1.73239e+07 0.0318 0.2883 353.99386625 165.94016485 0 0 1.7323e+07 711.4043093 711.4043093}
2025/07/12 16:36:14 streamdata.go:16: action=StreamIngestionData, {BTC_JPY RUNNING 2025-07-12T07:36:13.297369Z 19292538 1.732e+07 1.7323897e+07 0.0001 0.02 352.33866096 165.29578285 0 0 1.732e+07 711.6670093 711.6670093}
2025/07/12 16:36:15 streamdata.go:16: action=StreamIngestionData, {BTC_JPY RUNNING 2025-07-12T07:36:13.8778752Z 19292582 1.7315155e+07 1.7322204e+07 0.001 0.249 345.18413388 160.67645045 0 0 1.732e+07 711.6671093 711.6671093}
2025/07/12 16:36:15 streamdata.go:16: action=StreamIngestionData, {BTC_JPY RUNNING 2025-07-12T07:36:14.4667303Z 19292608 1.7313117e+07 1.7322203e+07 0.02 0.0106392 351.58809028 163.6173925 0 0 1.732e+07 711.66093593 711.66093593}
2025/07/12 16:36:16 streamdata.go:16: action=StreamIngestionData, {BTC_JPY RUNNING 2025-07-12T07:36:15.0148023Z 19292628 1.7313117e+07 1.7322196e+07 0.02 0.02 353.63802768 165.4688925 0 0 1.732e+07 711.66093593 711.66093593}
2025/07/12 16:36:16 streamdata.go:16: action=StreamIngestionData, {BTC_JPY RUNNING 2025-07-12T07:36:15.6127206Z 19292650 1.7313118e+07 1.7322202e+07 0.15 0.02 345.34715138 156.9453925 0 0 1.732e+07 711.66093593 711.66093593}
2025/07/12 16:36:17 streamdata.go:16: action=StreamIngestionData, {BTC_JPY RUNNING 2025-07-12T07:36:16.15187Z 19292665 1.7313119e+07 1.73216e+07 0.02 0.5766 345.37520838 157.5419925 0 0 1.732e+07 711.66093593 711.66093593}
2025/07/12 16:36:17 streamdata.go:16: action=StreamIngestionData, {BTC_JPY RUNNING 2025-07-12T07:36:16.7637512Z 19292689 1.7314602e+07 1.73213e+07 0.02 0.2883 345.38820838 157.5314237 0 0 1.732e+07 711.66093593 711.66093593}
2025/07/12 16:40:44 bitflyer.go:217: connecting to wss://ws.lightstream.bitflyer.com/json-rpc
2025/07/12 16:40:45 streamdata.go:16: action=StreamIngestionData, {BTC_JPY RUNNING 2025-07-12T07:40:43.7572053Z 19298644 1.731893e+07 1.732446e+07 0.02 0.02 353.8817891 167.30045524 0 0 1.7323497e+07 709.17194603 709.17194603}
2025/07/12 16:40:45 streamdata.go:16: action=StreamIngestionData, {BTC_JPY RUNNING 2025-07-12T07:40:44.2972377Z 19298652 1.7318933e+07 1.732446e+07 0.02 0.02 353.8916196 167.30045524 0 0 1.7323497e+07 709.17194603 709.17194603}
2025/07/12 16:40:46 streamdata.go:16: action=StreamIngestionData, {BTC_JPY RUNNING 2025-07-12T07:40:44.9067366Z 19298668 1.7318909e+07 1.7324464e+07 0.1 0.02 353.8607196 167.30045524 0 0 1.7323497e+07 709.17194603 709.17194603}
2025/07/12 16:40:46 streamdata.go:16: action=StreamIngestionData, {BTC_JPY RUNNING 2025-07-12T07:40:45.4604722Z 19298682 1.7318909e+07 1.7324463e+07 0.1 0.05751737 353.8436196 167.34916191 0 0 1.7323497e+07 709.17194603 709.17194603}
2025/07/12 16:40:47 streamdata.go:16: action=StreamIngestionData, {BTC_JPY RUNNING 2025-07-12T07:40:45.9890617Z 19298693 1.7318909e+07 1.7324448e+07 0.1 0.0098107 353.8436196 167.32145524 0 0 1.7323497e+07 709.17194603 709.17194603}
2025/07/12 16:40:47 streamdata.go:16: action=StreamIngestionData, {BTC_JPY RUNNING 2025-07-12T07:40:46.6731944Z 19298706 1.7318937e+07 1.7324444e+07 0.031 0.02 353.8766196 167.37016191 0 0 1.7323497e+07 709.17194603 709.17194603}
2025/07/12 16:40:48 streamdata.go:16: action=StreamIngestionData, {BTC_JPY RUNNING 2025-07-12T07:40:47.3415876Z 19298719 1.7318909e+07 1.732443e+07 0.1 0.05751737 353.8448891 167.35997261 0 0 1.7323497e+07 709.17194603 709.17194603}
2025/07/12 16:40:49 streamdata.go:16: action=StreamIngestionData, {BTC_JPY RUNNING 2025-07-12T07:40:47.8343699Z 19298728 1.7318912e+07 1.7324427e+07 0.0315 0.02 353.8783891 167.52877261 0 0 1.732443e+07 709.20414603 709.20414603}
2025/07/12 16:40:49 streamdata.go:16: action=StreamIngestionData, {BTC_JPY RUNNING 2025-07-12T07:40:48.4532741Z 19298742 1.7318912e+07 1.7324426e+07 0.02 0.22531737 353.7441891 166.94217261 0 0 1.7324427e+07 709.21414603 709.21414603}
2025/07/12 16:40:50 streamdata.go:16: action=StreamIngestionData, {BTC_JPY RUNNING 2025-07-12T07:40:48.9464312Z 19298750 1.7318912e+07 1.7324448e+07 0.02 0.22531737 353.7461891 166.93217261 0 0 1.7324427e+07 709.21414603 709.21414603}
2025/07/12 16:40:50 streamdata.go:16: action=StreamIngestionData, {BTC_JPY RUNNING 2025-07-12T07:40:49.5472413Z 19298765 1.7318912e+07 1.73243e+07 0.02 0.2883 353.8888891 167.48979902 0 0 1.7324427e+07 709.21414603 709.21414603}
2025/07/12 16:40:51 streamdata.go:16: action=StreamIngestionData, {BTC_JPY RUNNING 2025-07-12T07:40:49.9656735Z 19298774 1.7318912e+07 1.7324299e+07 0.02 0.02531737 353.8898891 167.30492709 0 0 1.7324427e+07 709.21414603 709.21414603}
2025/07/12 16:40:52 streamdata.go:16: action=StreamIngestionData, {BTC_JPY RUNNING 2025-07-12T07:40:50.7703465Z 19298782 1.7318912e+07 1.7324298e+07 0.02 0.22 353.9018891 167.48979902 0 0 1.7324427e+07 709.21414603 709.21414603}
2025/07/12 16:40:52 streamdata.go:16: action=StreamIngestionData, {BTC_JPY RUNNING 2025-07-12T07:40:51.360245Z 19298791 1.7318912e+07 1.7324263e+07 0.02 0.02531737 353.85541588 167.30492719 0 0 1.7324427e+07 709.21414603 709.21414603}
2025/07/12 16:40:53 streamdata.go:16: action=StreamIngestionData, {BTC_JPY RUNNING 2025-07-12T07:40:51.8132897Z 19298798 1.7318912e+07 1.7324262e+07 0.02 0.2 353.93104005 167.50492719 0 0 1.7324427e+07 709.11414603 709.11414603}
2025/07/12 16:40:53 streamdata.go:16: action=StreamIngestionData, {BTC_JPY RUNNING 2025-07-12T07:40:52.4568309Z 19298805 1.7318912e+07 1.7324228e+07 0.02 0.0098108 353.93204005 167.27960982 0 0 1.7324427e+07 709.11314603 709.11314603}
2025/07/12 16:40:54 streamdata.go:16: action=StreamIngestionData, {BTC_JPY RUNNING 2025-07-12T07:40:53.0953149Z 19298820 1.7324262e+07 1.7324298e+07 0.0001892 0.2 353.94278925 166.88198782 0 0 1.7324228e+07 709.12295683 709.12295683}
2025/07/12 16:40:54 streamdata.go:16: action=StreamIngestionData, {BTC_JPY RUNNING 2025-07-12T07:40:53.6447883Z 19298831 1.7324262e+07 1.7324446e+07 0.0001892 0.22531737 353.83278925 167.19560519 0 0 1.7324228e+07 709.12295683 709.12295683}
2025/07/12 16:40:55 streamdata.go:16: action=StreamIngestionData, {BTC_JPY RUNNING 2025-07-12T07:40:54.3093235Z 19298843 1.7324262e+07 1.7324412e+07 0.0001892 0.0057775 353.83378925 167.46436532 0 0 1.7324228e+07 709.12295683 709.12295683}
2025/07/12 16:40:56 streamdata.go:16: action=StreamIngestionData, {BTC_JPY RUNNING 2025-07-12T07:40:54.9645963Z 19298856 1.7324262e+07 1.7324411e+07 0.0001892 0.2 353.92270275 167.45858782 0 0 1.7324228e+07 709.12295683 709.12295683}
2025/07/12 16:40:56 streamdata.go:16: action=StreamIngestionData, {BTC_JPY RUNNING 2025-07-12T07:40:55.4895181Z 19298868 1.7324262e+07 1.7324377e+07 0.0001892 0.0057775 353.90370275 167.26436532 0 0 1.7324228e+07 709.12295683 709.12295683}
2025/07/12 16:40:57 streamdata.go:16: action=StreamIngestionData, {BTC_JPY RUNNING 2025-07-12T07:40:55.9245833Z 19298878 1.7324262e+07 1.7324376e+07 0.0001892 0.02531737 353.93460275 167.28390519 0 0 1.7324228e+07 709.12295683 709.12295683}
2025/07/12 16:40:57 streamdata.go:16: action=StreamIngestionData, {BTC_JPY RUNNING 2025-07-12T07:40:56.5471483Z 19298886 1.7324262e+07 1.7324375e+07 0.0001892 0.2 353.93560275 167.46436532 0 0 1.7324228e+07 709.11295683 709.11295683}
2025/07/12 16:40:58 streamdata.go:16: action=StreamIngestionData, {BTC_JPY RUNNING 2025-07-12T07:40:57.0776491Z 19298898 1.7324262e+07 1.7324446e+07 0.0001892 0.22531737 353.91598416 167.48968269 0 0 1.7324228e+07 709.11295683 709.11295683}
2025/07/12 16:40:58 streamdata.go:16: action=StreamIngestionData, {BTC_JPY RUNNING 2025-07-12T07:40:57.6913577Z 19298910 1.7324262e+07 1.7324446e+07 0.0001892 0.22531737 353.91598416 167.48968269 0 0 1.7324228e+07 709.11295683 709.11295683}
2025/07/12 16:40:59 streamdata.go:16: action=StreamIngestionData, {BTC_JPY RUNNING 2025-07-12T07:40:58.2467666Z 19298922 1.7320011e+07 1.7324446e+07 0.02 0.22531737 353.78998146 167.48968269 0 0 1.7324228e+07 709.11295683 709.11295683}
2025/07/12 16:41:00 streamdata.go:16: action=StreamIngestionData, {BTC_JPY RUNNING 2025-07-12T07:40:58.769802Z 19298934 1.732e+07 1.7324446e+07 0.0109 0.22531737 353.74823506 167.48390519 0 0 1.7324228e+07 709.11295683 709.11295683}
2025/07/12 16:41:00 streamdata.go:16: action=StreamIngestionData, {BTC_JPY RUNNING 2025-07-12T07:40:59.4399891Z 19298949 1.7320003e+07 1.7324446e+07 0.02 0.22531737 353.80214906 167.48968269 0 0 1.7324228e+07 709.11295683 709.11295683}
2025/07/12 16:41:01 streamdata.go:16: action=StreamIngestionData, {BTC_JPY RUNNING 2025-07-12T07:40:59.9412738Z 19298954 1.7320003e+07 1.7324446e+07 0.02 0.22531737 353.79233546 167.48968269 0 0 1.7324228e+07 709.11295683 709.11295683}
2025/07/12 16:41:01 streamdata.go:16: action=StreamIngestionData, {BTC_JPY RUNNING 2025-07-12T07:41:00.5408683Z 19298966 1.7320003e+07 1.7324446e+07 0.02 0.2 353.79972146 167.45858782 0 0 1.7324228e+07 709.09295683 709.09295683}
2025/07/12 16:41:02 streamdata.go:16: action=StreamIngestionData, {BTC_JPY RUNNING 2025-07-12T07:41:01.178152Z 19298980 1.7320003e+07 1.7324446e+07 0.02 0.02531737 353.80207756 166.71308269 0 0 1.7324228e+07 709.03396683 709.03396683}
2025/07/12 16:41:03 streamdata.go:16: action=StreamIngestionData, {BTC_JPY RUNNING 2025-07-12T07:41:01.7745655Z 19298993 1.7320003e+07 1.73237e+07 0.02 0.2883 353.81042146 167.28390519 0 0 1.7324228e+07 709.03396683 709.03396683}
2025/07/12 16:41:03 streamdata.go:16: action=StreamIngestionData, {BTC_JPY RUNNING 2025-07-12T07:41:02.3354727Z 19299002 1.7320003e+07 1.7323698e+07 0.02 0.02531737 353.81951596 167.50109629 0 0 1.7324228e+07 709.03396683 709.03396683}
2025/07/12 16:41:04 streamdata.go:16: action=StreamIngestionData, {BTC_JPY RUNNING 2025-07-12T07:41:02.8743178Z 19299013 1.7320003e+07 1.7323697e+07 0.02 0.2 353.72653666 166.90871879 0 0 1.7323698e+07 709.04396683 709.04396683}
2025/07/12 16:41:04 streamdata.go:16: action=StreamIngestionData, {BTC_JPY RUNNING 2025-07-12T07:41:03.547179Z 19299023 1.7320003e+07 1.7323662e+07 0.02 0.01531737 353.70671144 166.73449629 0 0 1.7323698e+07 709.04396683 709.04396683}
2025/07/12 16:42:22 bitflyer.go:217: connecting to wss://ws.lightstream.bitflyer.com/json-rpc
2025/07/12 16:42:22 streamdata.go:16: action=StreamIngestionData, {BTC_JPY RUNNING 2025-07-12T07:42:21.488283Z 19300580 1.7317087e+07 1.7321328e+07 0.02 0.49 353.72333433 167.7527745 0 0 1.7321328e+07 708.51658822 708.51658822}
2025/07/12 16:42:23 streamdata.go:16: action=StreamIngestionData, {BTC_JPY RUNNING 2025-07-12T07:42:21.947761Z 19300594 1.73175e+07 1.7321328e+07 0.1327 0.49 353.8796169 168.3293745 0 0 1.7321328e+07 708.51658822 708.51658822}
2025/07/12 16:42:23 streamdata.go:16: action=StreamIngestionData, {BTC_JPY RUNNING 2025-07-12T07:42:22.5476952Z 19300611 1.7317503e+07 1.7321328e+07 0.02 0.49 353.92448143 168.3303745 0 0 1.7321328e+07 708.51658822 708.51658822}
2025/07/12 16:42:24 streamdata.go:16: action=StreamIngestionData, {BTC_JPY RUNNING 2025-07-12T07:42:23.2353201Z 19300617 1.7317503e+07 1.7321328e+07 0.02 0.49 353.91948143 168.3323745 0 0 1.7321328e+07 708.51658822 708.51658822}
2025/07/12 16:42:25 streamdata.go:16: action=StreamIngestionData, {BTC_JPY RUNNING 2025-07-12T07:42:23.88327Z 19300621 1.7317503e+07 1.7321328e+07 0.02 0.49 353.90110023 168.3323745 0 0 1.7321328e+07 708.51658822 708.51658822}
2025/07/12 16:42:25 streamdata.go:16: action=StreamIngestionData, {BTC_JPY RUNNING 2025-07-12T07:42:24.4399549Z 19300624 1.7317503e+07 1.7321328e+07 0.02 0.49 353.90239523 168.3343745 0 0 1.7321328e+07 708.50658822 708.50658822}
2025/07/12 16:42:26 streamdata.go:16: action=StreamIngestionData, {BTC_JPY RUNNING 2025-07-12T07:42:25.3225901Z 19300630 1.7317503e+07 1.7321328e+07 0.02 0.49 353.90207153 168.3343745 0 0 1.7321328e+07 708.50658822 708.50658822}
2025/07/12 16:42:27 streamdata.go:16: action=StreamIngestionData, {BTC_JPY RUNNING 2025-07-12T07:42:25.7886442Z 19300632 1.7317503e+07 1.7321328e+07 0.02 0.49 353.89948143 168.33547436 0 0 1.7321328e+07 708.50658822 708.50658822}
2025/07/12 16:42:27 streamdata.go:16: action=StreamIngestionData, {BTC_JPY RUNNING 2025-07-12T07:42:26.7452147Z 19300636 1.7317503e+07 1.7321328e+07 0.02 0.49 353.90277643 168.33547436 0 0 1.7321328e+07 708.50658822 708.50658822}
2025/07/12 16:42:28 streamdata.go:16: action=StreamIngestionData, {BTC_JPY RUNNING 2025-07-12T07:42:27.3311734Z 19300640 1.7317503e+07 1.7321328e+07 0.02 0.49 353.90248143 168.33547436 0 0 1.7321328e+07 708.50658822 708.50658822}
2025/07/12 16:42:29 streamdata.go:16: action=StreamIngestionData, {BTC_JPY RUNNING 2025-07-12T07:42:27.8861416Z 19300643 1.7317503e+07 1.7321328e+07 0.02 0.49 353.92342403 168.33547436 0 0 1.7321328e+07 708.47758822 708.47758822}
2025/07/12 16:42:29 streamdata.go:16: action=StreamIngestionData, {BTC_JPY RUNNING 2025-07-12T07:42:28.4847478Z 19300652 1.7317503e+07 1.7321328e+07 0.02 0.48 353.91358143 168.32547436 0 0 1.7321328e+07 708.48758822 708.48758822}
2025/07/12 16:42:30 streamdata.go:16: action=StreamIngestionData, {BTC_JPY RUNNING 2025-07-12T07:42:29.3207807Z 19300658 1.7317503e+07 1.7321328e+07 0.02 0.48 353.90548143 168.32547436 0 0 1.7321328e+07 708.48758822 708.48758822}
2025/07/12 16:42:31 streamdata.go:16: action=StreamIngestionData, {BTC_JPY RUNNING 2025-07-12T07:42:30.3229515Z 19300664 1.7317503e+07 1.7321328e+07 0.02 0.48 353.92748143 168.32547436 0 0 1.7321328e+07 708.48758822 708.48758822}
2025/07/12 16:42:32 streamdata.go:16: action=StreamIngestionData, {BTC_JPY RUNNING 2025-07-12T07:42:30.9253695Z 19300667 1.7317503e+07 1.7321328e+07 0.02 0.48 353.92848143 168.32547436 0 0 1.7321328e+07 708.48758822 708.48758822}
2025/07/12 16:42:32 streamdata.go:16: action=StreamIngestionData, {BTC_JPY RUNNING 2025-07-12T07:42:31.4632104Z 19300670 1.7317503e+07 1.7321328e+07 0.02 0.48 353.92948143 168.29097436 0 0 1.7321328e+07 708.48758822 708.48758822}
2025/07/12 16:42:33 streamdata.go:16: action=StreamIngestionData, {BTC_JPY RUNNING 2025-07-12T07:42:32.3058712Z 19300677 1.7317503e+07 1.7321328e+07 0.02 0.4494 353.92740658 168.26037436 0 0 1.7321328e+07 708.51818822 708.51818822}
2025/07/12 16:42:34 streamdata.go:16: action=StreamIngestionData, {BTC_JPY RUNNING 2025-07-12T07:42:32.8246068Z 19300683 1.7317512e+07 1.7321328e+07 0.0306 0.4494 353.93270658 168.26037436 0 0 1.7321328e+07 708.51818822 708.51818822}
2025/07/12 16:42:34 streamdata.go:16: action=StreamIngestionData, {BTC_JPY RUNNING 2025-07-12T07:42:33.4018388Z 19300696 1.7317515e+07 1.7321328e+07 0.02 0.4394 353.75650658 167.96207436 0 0 1.7321328e+07 708.52818822 708.52818822}
2025/07/12 16:42:35 streamdata.go:16: action=StreamIngestionData, {BTC_JPY RUNNING 2025-07-12T07:42:33.9509069Z 19300706 1.7317515e+07 1.7321328e+07 0.02 0.42499562 353.76832448 167.65936998 0 0 1.7321328e+07 708.5425926 708.5425926}
2025/07/12 16:42:35 streamdata.go:16: action=StreamIngestionData, {BTC_JPY RUNNING 2025-07-12T07:42:34.5977862Z 19300717 1.7317518e+07 1.7323103e+07 0.03 0.08511 353.72612395 167.22366476 0 0 1.7321328e+07 708.5425926 708.5425926}
2025/07/12 16:42:36 streamdata.go:16: action=StreamIngestionData, {BTC_JPY RUNNING 2025-07-12T07:42:35.1213897Z 19300735 1.7317703e+07 1.73229e+07 0.02 0.5766 353.93836848 167.83476476 0 0 1.7321328e+07 708.5425926 708.5425926}
2025/07/12 16:42:36 streamdata.go:16: action=StreamIngestionData, {BTC_JPY RUNNING 2025-07-12T07:42:35.7014357Z 19300749 1.7317729e+07 1.7322899e+07 0.033 0.02 353.87410965 167.85476476 0 0 1.7321328e+07 708.5425926 708.5425926}
2025/07/12 16:42:37 streamdata.go:16: action=StreamIngestionData, {BTC_JPY RUNNING 2025-07-12T07:42:36.1824752Z 19300759 1.7317732e+07 1.7322899e+07 0.02 0.02 353.76509228 167.85476476 0 0 1.7321328e+07 708.5425926 708.5425926}
2025/07/12 16:42:37 streamdata.go:16: action=StreamIngestionData, {BTC_JPY RUNNING 2025-07-12T07:42:36.7470214Z 19300785 1.7317735e+07 1.7322899e+07 0.02 0.02 353.82954825 167.84976476 0 0 1.7321328e+07 708.5425926 708.5425926}
2025/07/12 16:42:38 streamdata.go:16: action=StreamIngestionData, {BTC_JPY RUNNING 2025-07-12T07:42:37.3082824Z 19300808 1.7317748e+07 1.7322899e+07 0.0315 0.02 353.80290115 167.57280796 0 0 1.7321328e+07 708.5425926 708.5425926}
2025/07/12 16:42:39 streamdata.go:16: action=StreamIngestionData, {BTC_JPY RUNNING 2025-07-12T07:42:37.847914Z 19300819 1.7317751e+07 1.7322899e+07 0.02 0.02 354.03688016 167.86110796 0 0 1.7321328e+07 708.5425926 708.5425926}
2025/07/12 16:42:39 streamdata.go:16: action=StreamIngestionData, {BTC_JPY RUNNING 2025-07-12T07:42:38.3860159Z 19300833 1.7317766e+07 1.7323103e+07 0.0316 0.065108 353.81869753 167.04450596 0 0 1.7323103e+07 708.57259763 708.57259763}
2025/07/12 16:42:40 streamdata.go:16: action=StreamIngestionData, {BTC_JPY RUNNING 2025-07-12T07:42:38.9339192Z 19300856 1.7317769e+07 1.7323103e+07 0.02 0.05950632 353.81251566 167.23890428 0 0 1.7323103e+07 708.57819931 708.57819931}
2025/07/12 16:42:40 streamdata.go:16: action=StreamIngestionData, {BTC_JPY RUNNING 2025-07-12T07:42:39.5629466Z 19300876 1.7317781e+07 1.7323102e+07 0.033 0.02 353.73013323 167.24756108 0 0 1.7323103e+07 708.57819931 708.57819931}
2025/07/12 16:42:41 streamdata.go:16: action=StreamIngestionData, {BTC_JPY RUNNING 2025-07-12T07:42:39.9660714Z 19300883 1.7317784e+07 1.7323102e+07 0.02 0.02 353.75013323 167.24756108 0 0 1.7323103e+07 708.57819931 708.57819931}
2025/07/12 16:42:41 streamdata.go:16: action=StreamIngestionData, {BTC_JPY RUNNING 2025-07-12T07:42:40.5719684Z 19300897 1.731781e+07 1.7323e+07 0.0315 0.2883 353.88133323 167.53586108 0 0 1.7323103e+07 708.57819931 708.57819931}
2025/07/12 16:42:42 streamdata.go:16: action=StreamIngestionData, {BTC_JPY RUNNING 2025-07-12T07:42:41.1344468Z 19300911 1.7317813e+07 1.73221e+07 0.02 0.2883 353.84151513 167.83531068 0 0 1.7323103e+07 708.57819931 708.57819931}
2025/07/12 16:42:43 streamdata.go:16: action=StreamIngestionData, {BTC_JPY RUNNING 2025-07-12T07:42:41.877005Z 19300926 1.7317825e+07 1.73221e+07 0.0302 0.2883 353.89021513 167.81531068 0 0 1.7323103e+07 708.57819931 708.57819931}
2025/07/12 16:42:43 streamdata.go:16: action=StreamIngestionData, {BTC_JPY RUNNING 2025-07-12T07:42:42.4960629Z 19300942 1.7316333e+07 1.7322099e+07 0.0323 0.02 353.86150873 167.83631068 0 0 1.7323103e+07 708.57819931 708.57819931}
2025/07/12 16:42:44 streamdata.go:16: action=StreamIngestionData, {BTC_JPY RUNNING 2025-07-12T07:42:43.0085101Z 19300952 1.7317834e+07 1.73221e+07 0.02 0.2883 353.74880873 167.81631068 0 0 1.7322099e+07 708.58819931 708.58819931}
2025/07/12 16:42:44 streamdata.go:16: action=StreamIngestionData, {BTC_JPY RUNNING 2025-07-12T07:42:43.5590541Z 19300967 1.7316333e+07 1.7322099e+07 0.0323 0.02 353.84832683 167.83631068 0 0 1.7322099e+07 708.58819931 708.58819931}
2025/07/12 16:42:45 streamdata.go:16: action=StreamIngestionData, {BTC_JPY RUNNING 2025-07-12T07:42:44.0929905Z 19300979 1.73166e+07 1.7322099e+07 0.1327 0.02 353.86642683 167.83731068 0 0 1.7322099e+07 708.58819931 708.58819931}
2025/07/12 16:42:46 streamdata.go:16: action=StreamIngestionData, {BTC_JPY RUNNING 2025-07-12T07:42:44.9224705Z 19300991 1.7316604e+07 1.73221e+07 0.02 0.2883 353.84660873 167.81731068 0 0 1.7322099e+07 708.58819931 708.58819931}
2025/07/12 16:42:46 streamdata.go:16: action=StreamIngestionData, {BTC_JPY RUNNING 2025-07-12T07:42:45.467731Z 19301001 1.7316609e+07 1.7322099e+07 0.02 0.02 353.84050873 167.83831068 0 0 1.7322099e+07 708.58819931 708.58819931}
2025/07/12 16:42:47 streamdata.go:16: action=StreamIngestionData, {BTC_JPY RUNNING 2025-07-12T07:42:46.0763165Z 19301004 1.7316609e+07 1.7322099e+07 0.02 0.02 353.81690873 167.83831068 0 0 1.7322099e+07 708.58819931 708.58819931}
2025/07/12 16:42:48 streamdata.go:16: action=StreamIngestionData, {BTC_JPY RUNNING 2025-07-12T07:42:46.7611768Z 19301013 1.7316639e+07 1.7322099e+07 0.02 0.02 353.86942663 167.83931068 0 0 1.7322099e+07 708.58819931 708.58819931}
2025/07/12 16:42:48 streamdata.go:16: action=StreamIngestionData, {BTC_JPY RUNNING 2025-07-12T07:42:47.3945626Z 19301020 1.7316656e+07 1.7322099e+07 0.031 0.02 353.84790873 167.83931068 0 0 1.7322099e+07 708.58819931 708.58819931}
2025/07/12 16:42:49 streamdata.go:16: action=StreamIngestionData, {BTC_JPY RUNNING 2025-07-12T07:42:47.9569673Z 19301025 1.7316659e+07 1.7322099e+07 0.02 0.02 353.84490873 167.84031068 0 0 1.7322099e+07 708.58819931 708.58819931}
2025/07/12 16:42:49 streamdata.go:16: action=StreamIngestionData, {BTC_JPY RUNNING 2025-07-12T07:42:48.5220533Z 19301031 1.7316657e+07 1.73221e+07 0.02 0.2781 353.84490873 167.81011068 0 0 1.73221e+07 708.61839931 708.61839931}
2025/07/12 16:42:50 streamdata.go:16: action=StreamIngestionData, {BTC_JPY RUNNING 2025-07-12T07:42:49.0905144Z 19301043 1.7316803e+07 1.7322e+07 0.02 0.0003 353.84420873 167.81041068 0 0 1.7322e+07 708.62839931 708.62839931}
2025/07/12 16:42:50 streamdata.go:16: action=StreamIngestionData, {BTC_JPY RUNNING 2025-07-12T07:42:49.6037183Z 19301049 1.7316803e+07 1.7322e+07 0.02 0.0103 353.86610873 167.82041068 0 0 1.7322e+07 708.62839931 708.62839931}
2025/07/12 16:42:51 streamdata.go:16: action=StreamIngestionData, {BTC_JPY RUNNING 2025-07-12T07:42:50.2334602Z 19301056 1.7316803e+07 1.7321999e+07 0.02 0.14703 353.86610873 167.96744068 0 0 1.7322e+07 708.62839931 708.62839931}
2025/07/12 16:42:52 streamdata.go:16: action=StreamIngestionData, {BTC_JPY RUNNING 2025-07-12T07:42:50.7734497Z 19301068 1.7316659e+07 1.73219e+07 0.02 0.2782 353.86110873 167.67924068 0 0 1.7322e+07 708.62839931 708.62839931}
2025/07/12 16:42:52 streamdata.go:16: action=StreamIngestionData, {BTC_JPY RUNNING 2025-07-12T07:42:51.339443Z 19301078 1.7316659e+07 1.7321899e+07 0.02 0.16703 353.88260199 167.98754068 0 0 1.7322e+07 708.59839931 708.59839931}
2025/07/12 16:42:53 streamdata.go:16: action=StreamIngestionData, {BTC_JPY RUNNING 2025-07-12T07:42:52.07235Z 19301084 1.7316659e+07 1.7321897e+07 0.02 0.02 353.89040928 168.00754068 0 0 1.7322e+07 708.59839931 708.59839931}
2025/07/12 16:42:54 streamdata.go:16: action=StreamIngestionData, {BTC_JPY RUNNING 2025-07-12T07:42:52.7748219Z 19301091 1.7316659e+07 1.7321896e+07 0.02 0.14703 353.8229774 167.98754068 0 0 1.7322e+07 708.59839931 708.59839931}
2025/07/12 16:42:54 streamdata.go:16: action=StreamIngestionData, {BTC_JPY RUNNING 2025-07-12T07:42:53.2945885Z 19301099 1.7316659e+07 1.7321895e+07 0.02 0.02 353.88342423 167.64051068 0 0 1.7322e+07 708.59839931 708.59839931}
2025/07/12 16:42:55 streamdata.go:16: action=StreamIngestionData, {BTC_JPY RUNNING 2025-07-12T07:42:53.9068757Z 19301106 1.7316659e+07 1.7321894e+07 0.02 0.14703 353.90224223 167.98754068 0 0 1.7322e+07 708.58839931 708.58839931}
2025/07/12 16:42:55 streamdata.go:16: action=StreamIngestionData, {BTC_JPY RUNNING 2025-07-12T07:42:54.5473871Z 19301114 1.7316659e+07 1.7321892e+07 0.02 0.14703 353.87242423 167.98754068 0 0 1.7322e+07 708.58839931 708.58839931}
2025/07/12 16:42:56 streamdata.go:16: action=StreamIngestionData, {BTC_JPY RUNNING 2025-07-12T07:42:55.0869335Z 19301120 1.7316659e+07 1.7321891e+07 0.02 0.02 353.88324223 167.98754068 0 0 1.7322e+07 708.58839931 708.58839931}
2025/07/12 16:42:56 streamdata.go:16: action=StreamIngestionData, {BTC_JPY RUNNING 2025-07-12T07:42:55.6123333Z 19301125 1.7316659e+07 1.732189e+07 0.02 0.14703 353.90324223 167.98754068 0 0 1.7322e+07 708.58839931 708.58839931}
2025/07/12 16:42:57 streamdata.go:16: action=StreamIngestionData, {BTC_JPY RUNNING 2025-07-12T07:42:56.1619376Z 19301132 1.7316659e+07 1.73219e+07 0.02 0.5665 353.89342423 167.82051068 0 0 1.7322e+07 708.58839931 708.58839931}
2025/07/12 16:42:58 streamdata.go:16: action=StreamIngestionData, {BTC_JPY RUNNING 2025-07-12T07:42:56.7184133Z 19301142 1.73167e+07 1.7321899e+07 0.1529 0.13703 353.90424213 167.95754068 0 0 1.7321899e+07 708.59839931 708.59839931}
2025/07/12 16:42:58 streamdata.go:16: action=StreamIngestionData, {BTC_JPY RUNNING 2025-07-12T07:42:57.2571561Z 19301150 1.7316703e+07 1.7321899e+07 0.02 0.13703 353.87624213 167.95754068 0 0 1.7321899e+07 708.58839931 708.58839931}
2025/07/12 16:42:59 streamdata.go:16: action=StreamIngestionData, {BTC_JPY RUNNING 2025-07-12T07:42:57.8541743Z 19301159 1.7316703e+07 1.7323102e+07 0.02 0.13703 353.87542423 167.95734068 0 0 1.7321899e+07 708.58839931 708.58839931}
2025/07/12 16:42:59 streamdata.go:16: action=StreamIngestionData, {BTC_JPY RUNNING 2025-07-12T07:42:58.4005219Z 19301169 1.73167e+07 1.73225e+07 0.1529 0.2883 353.85742423 167.64903868 0 0 1.7323102e+07 708.60840131 708.60840131}
2025/07/12 16:43:00 streamdata.go:16: action=StreamIngestionData, {BTC_JPY RUNNING 2025-07-12T07:42:58.8933087Z 19301181 1.7316703e+07 1.7323101e+07 0.02 0.117028 353.87742423 167.64903868 0 0 1.73225e+07 708.64240131 708.64240131}
2025/07/12 16:43:00 streamdata.go:16: action=StreamIngestionData, {BTC_JPY RUNNING 2025-07-12T07:42:59.5527236Z 19301198 1.7317303e+07 1.7323103e+07 0.02 0.05950632 353.75973863 167.82031068 0 0 1.73225e+07 708.64240131 708.64240131}
2025/07/12 16:43:01 streamdata.go:16: action=StreamIngestionData, {BTC_JPY RUNNING 2025-07-12T07:43:00.289596Z 19301209 1.7317603e+07 1.7323102e+07 0.02 0.117028 353.92535593 167.93733868 0 0 1.73225e+07 708.64240131 708.64240131}
2025/07/12 16:43:02 streamdata.go:16: action=StreamIngestionData, {BTC_JPY RUNNING 2025-07-12T07:43:00.9123221Z 19301221 1.7317604e+07 1.7323103e+07 0.16765463 0.05950632 354.04368826 167.82031068 0 0 1.73225e+07 708.64240131 708.64240131}
2025/07/12 16:43:02 streamdata.go:16: action=StreamIngestionData, {BTC_JPY RUNNING 2025-07-12T07:43:01.5409711Z 19301238 1.7317606e+07 1.7323103e+07 0.082972 0.05950632 353.96571063 167.80916108 0 0 1.73225e+07 708.64240131 708.64240131}
2025/07/12 16:43:03 streamdata.go:16: action=StreamIngestionData, {BTC_JPY RUNNING 2025-07-12T07:43:02.0957066Z 19301256 1.7317611e+07 1.7323103e+07 0.102972 0.05950632 353.98671063 167.80916108 0 0 1.73225e+07 708.64105131 708.64105131}
2025/07/12 16:43:04 streamdata.go:16: action=StreamIngestionData, {BTC_JPY RUNNING 2025-07-12T07:43:02.6676561Z 19301287 1.7317614e+07 1.7323103e+07 0.02 0.03950432 354.07076846 167.21255908 0 0 1.7323103e+07 708.66105331 708.66105331}
2025/07/12 16:43:04 streamdata.go:16: action=StreamIngestionData, {BTC_JPY RUNNING 2025-07-12T07:43:03.302328Z 19301317 1.7317616e+07 1.7323103e+07 0.03 0.03950432 353.94401383 167.50085908 0 0 1.7323103e+07 708.66105331 708.66105331}
2025/07/12 16:43:05 streamdata.go:16: action=StreamIngestionData, {BTC_JPY RUNNING 2025-07-12T07:43:03.8309964Z 19301331 1.73176e+07 1.7323103e+07 0.1529 0.03950432 353.87691383 167.21255908 0 0 1.7323103e+07 708.66105331 708.66105331}
2025/07/12 16:43:05 streamdata.go:16: action=StreamIngestionData, {BTC_JPY RUNNING 2025-07-12T07:43:04.338618Z 19301353 1.7317622e+07 1.7323103e+07 0.16765463 0.03950432 354.05256846 167.78915908 0 0 1.7323103e+07 708.66105331 708.66105331}
2025/07/12 16:43:06 streamdata.go:16: action=StreamIngestionData, {BTC_JPY RUNNING 2025-07-12T07:43:04.8701084Z 19301368 1.7317625e+07 1.7323103e+07 0.05 0.03950432 353.93491383 167.78915908 0 0 1.7323103e+07 708.66105331 708.66105331}
2025/07/12 16:43:06 streamdata.go:16: action=StreamIngestionData, {BTC_JPY RUNNING 2025-07-12T07:43:05.4188664Z 19301387 1.7317623e+07 1.7323103e+07 0.05468263 0.03950432 353.95159646 167.78915908 0 0 1.7323103e+07 708.66105331 708.66105331}
2025/07/12 16:43:07 streamdata.go:16: action=StreamIngestionData, {BTC_JPY RUNNING 2025-07-12T07:43:05.9133507Z 19301403 1.7317625e+07 1.7323103e+07 0.13765463 0.02950432 354.15256846 167.77915908 0 0 1.7323103e+07 708.66105331 708.66105331}
2025/07/12 16:43:07 streamdata.go:16: action=StreamIngestionData, {BTC_JPY RUNNING 2025-07-12T07:43:06.58919Z 19301426 1.7317633e+07 1.7323103e+07 0.02 0.02950432 354.03491383 167.77915908 0 0 1.7323103e+07 708.66105331 708.66105331}
2025/07/12 16:43:08 streamdata.go:16: action=StreamIngestionData, {BTC_JPY RUNNING 2025-07-12T07:43:07.1797083Z 19301445 1.7317639e+07 1.7323103e+07 0.02 0.02950432 354.00491383 167.77915908 0 0 1.7323103e+07 708.66105331 708.66105331}
2025/07/12 16:43:09 streamdata.go:16: action=StreamIngestionData, {BTC_JPY RUNNING 2025-07-12T07:43:07.8395262Z 19301461 1.7317642e+07 1.7323103e+07 0.02 0.02950432 354.16456846 167.77915908 0 0 1.7323103e+07 708.66105331 708.66105331}
2025/07/12 16:43:09 streamdata.go:16: action=StreamIngestionData, {BTC_JPY RUNNING 2025-07-12T07:43:08.3633864Z 19301498 1.7317644e+07 1.7323103e+07 0.03 0.02950432 353.900467 167.76705922 0 0 1.7323103e+07 708.66105331 708.66105331}
2025/07/12 16:43:10 streamdata.go:16: action=StreamIngestionData, {BTC_JPY RUNNING 2025-07-12T07:43:08.9404847Z 19301523 1.7317646e+07 1.7323103e+07 0.18765463 0.02950432 354.12785913 167.76705922 0 0 1.7323103e+07 708.66105331 708.66105331}
2025/07/12 16:43:10 streamdata.go:16: action=StreamIngestionData, {BTC_JPY RUNNING 2025-07-12T07:43:09.4588311Z 19301538 1.7317649e+07 1.7323103e+07 0.02 0.02950432 354.0099095 167.76705922 0 0 1.7323103e+07 708.66105331 708.66105331}
2025/07/12 16:43:11 streamdata.go:16: action=StreamIngestionData, {BTC_JPY RUNNING 2025-07-12T07:43:10.1599288Z 19301560 1.7317649e+07 1.7323103e+07 0.02 0.02950432 354.04389213 167.76705922 0 0 1.7323103e+07 708.66105331 708.66105331}
2025/07/12 16:43:11 streamdata.go:16: action=StreamIngestionData, {BTC_JPY RUNNING 2025-07-12T07:43:10.7576438Z 19301586 1.7317651e+07 1.7323103e+07 0.16765463 0.02950432 354.15686413 167.76705922 0 0 1.7323103e+07 708.66105331 708.66105331}
2025/07/12 16:43:12 streamdata.go:16: action=StreamIngestionData, {BTC_JPY RUNNING 2025-07-12T07:43:11.2668064Z 19301605 1.7317654e+07 1.7323103e+07 0.02 0.02950432 354.17686413 167.76705922 0 0 1.7323103e+07 708.66105331 708.66105331}
2025/07/12 16:43:13 streamdata.go:16: action=StreamIngestionData, {BTC_JPY RUNNING 2025-07-12T07:43:11.8220177Z 19301622 1.7317657e+07 1.7323103e+07 0.02 0.01950432 354.17686413 167.75705922 0 0 1.7323103e+07 708.67105331 708.67105331}
2025/07/12 16:43:13 streamdata.go:16: action=StreamIngestionData, {BTC_JPY RUNNING 2025-07-12T07:43:12.3224787Z 19301640 1.7317663e+07 1.7323103e+07 0.02 0.01950432 354.13686413 167.75705922 0 0 1.7323103e+07 708.66105331 708.66105331}
2025/07/12 16:43:14 streamdata.go:16: action=StreamIngestionData, {BTC_JPY RUNNING 2025-07-12T07:43:12.8946858Z 19301654 1.7317666e+07 1.7323103e+07 0.02 0.01950432 354.13686413 167.75705922 0 0 1.7323103e+07 708.66105331 708.66105331}
2025/07/12 16:43:14 streamdata.go:16: action=StreamIngestionData, {BTC_JPY RUNNING 2025-07-12T07:43:13.5253429Z 19301682 1.7318e+07 1.73264e+07 0.0109 0.5766 354.09596413 167.7393877 0 0 1.7323103e+07 708.66105331 708.66105331}
2025/07/12 16:43:15 streamdata.go:16: action=StreamIngestionData, {BTC_JPY RUNNING 2025-07-12T07:43:14.1524669Z 19301705 1.7318003e+07 1.7324011e+07 0.02 0.08512 354.0821815 167.6245077 0 0 1.7323103e+07 708.66105331 708.66105331}
2025/07/12 16:43:15 streamdata.go:16: action=StreamIngestionData, {BTC_JPY RUNNING 2025-07-12T07:43:14.672031Z 19301722 1.7318e+07 1.7324011e+07 0.0109 0.08512 353.9492095 167.8265077 0 0 1.7323103e+07 708.66105331 708.66105331}
2025/07/12 16:43:16 streamdata.go:16: action=StreamIngestionData, {BTC_JPY RUNNING 2025-07-12T07:43:15.2599605Z 19301739 1.7318003e+07 1.7324011e+07 0.02 0.08512 353.9692095 167.8265077 0 0 1.7323103e+07 708.66105331 708.66105331}
2025/07/12 16:43:17 streamdata.go:16: action=StreamIngestionData, {BTC_JPY RUNNING 2025-07-12T07:43:15.8163148Z 19301758 1.7318005e+07 1.7324011e+07 0.05 0.08512 353.9889095 167.8285077 0 0 1.7323103e+07 708.66105331 708.66105331}
2025/07/12 16:43:17 streamdata.go:16: action=StreamIngestionData, {BTC_JPY RUNNING 2025-07-12T07:43:16.4156732Z 19301780 1.731801e+07 1.7324011e+07 0.02 0.08512 353.9692095 167.8285077 0 0 1.7323103e+07 708.66105331 708.66105331}
2025/07/12 16:43:18 streamdata.go:16: action=StreamIngestionData, {BTC_JPY RUNNING 2025-07-12T07:43:16.9828485Z 19301798 1.731801e+07 1.7324011e+07 0.02 0.08512 354.02389213 167.8295077 0 0 1.7323103e+07 708.66105331 708.66105331}
2025/07/12 16:43:18 streamdata.go:16: action=StreamIngestionData, {BTC_JPY RUNNING 2025-07-12T07:43:17.4740849Z 19301806 1.7318013e+07 1.7324011e+07 0.02 0.08512 354.02389213 167.8295077 0 0 1.7323103e+07 708.66105331 708.66105331}
2025/07/12 16:43:19 streamdata.go:16: action=StreamIngestionData, {BTC_JPY RUNNING 2025-07-12T07:43:18.0571395Z 19301816 1.7318019e+07 1.7324011e+07 0.02 0.08512 354.05269213 167.8315077 0 0 1.7323103e+07 708.56105331 708.56105331}
2025/07/12 16:43:19 streamdata.go:16: action=StreamIngestionData, {BTC_JPY RUNNING 2025-07-12T07:43:18.6869871Z 19301825 1.7318008e+07 1.7324011e+07 0.03 0.08512 354.02479213 167.8315077 0 0 1.7323103e+07 708.56105331 708.56105331}
2025/07/12 16:43:20 streamdata.go:16: action=StreamIngestionData, {BTC_JPY RUNNING 2025-07-12T07:43:19.3044108Z 19301835 1.7318011e+07 1.7324011e+07 0.02 0.08512 354.01359213 167.8335077 0 0 1.7323103e+07 708.56105331 708.56105331}
2025/07/12 16:43:21 streamdata.go:16: action=StreamIngestionData, {BTC_JPY RUNNING 2025-07-12T07:43:19.8342361Z 19301843 1.7318014e+07 1.7324011e+07 0.02 0.08512 354.05159213 167.8335077 0 0 1.7323103e+07 708.56105331 708.56105331}
2025/07/12 16:43:21 streamdata.go:16: action=StreamIngestionData, {BTC_JPY RUNNING 2025-07-12T07:43:20.2482319Z 19301849 1.7318007e+07 1.7324011e+07 0.05468263 0.08512 353.99359213 167.83460756 0 0 1.7323103e+07 708.56105331 708.56105331}
2025/07/12 16:43:22 streamdata.go:16: action=StreamIngestionData, {BTC_JPY RUNNING 2025-07-12T07:43:20.89246Z 19301860 1.7318023e+07 1.7324011e+07 0.02 0.08512 354.05159213 167.83460756 0 0 1.7323103e+07 708.56105331 708.56105331}
2025/07/12 16:43:22 streamdata.go:16: action=StreamIngestionData, {BTC_JPY RUNNING 2025-07-12T07:43:21.45888Z 19301868 1.7318026e+07 1.7324011e+07 0.02 0.08512 354.02359213 167.83460756 0 0 1.7323103e+07 708.56105331 708.56105331}
2025/07/12 16:43:23 streamdata.go:16: action=StreamIngestionData, {BTC_JPY RUNNING 2025-07-12T07:43:22.0143107Z 19301875 1.7318007e+07 1.7324011e+07 0.05468263 0.08512 354.00359213 167.83460756 0 0 1.7323103e+07 708.56105331 708.56105331}
2025/07/12 16:43:24 streamdata.go:16: action=StreamIngestionData, {BTC_JPY RUNNING 2025-07-12T07:43:22.9151929Z 19301888 1.7318011e+07 1.7324011e+07 0.02 0.08512 353.92559213 167.83460756 0 0 1.7323103e+07 708.56105331 708.56105331}
2025/07/12 16:43:24 streamdata.go:16: action=StreamIngestionData, {BTC_JPY RUNNING 2025-07-12T07:43:23.5741925Z 19301894 1.7318011e+07 1.7324011e+07 0.02 0.08512 353.87958163 167.83460756 0 0 1.7323103e+07 708.56105331 708.56105331}
2025/07/12 16:43:25 streamdata.go:16: action=StreamIngestionData, {BTC_JPY RUNNING 2025-07-12T07:43:24.1445233Z 19301902 1.7318011e+07 1.7324011e+07 0.02 0.08512 353.90138163 167.83460756 0 0 1.7323103e+07 708.56105331 708.56105331}
2025/07/12 16:43:26 streamdata.go:16: action=StreamIngestionData, {BTC_JPY RUNNING 2025-07-12T07:43:24.6841287Z 19301908 1.7318011e+07 1.7324011e+07 0.02 0.08512 353.93001163 167.83460756 0 0 1.7323103e+07 708.56105331 708.56105331}
2025/07/12 16:43:26 streamdata.go:16: action=StreamIngestionData, {BTC_JPY RUNNING 2025-07-12T07:43:25.2243719Z 19301912 1.7318011e+07 1.7324011e+07 0.01897 0.08512 353.74208163 167.54630756 0 0 1.7318011e+07 708.56208331 708.56208331}
2025/07/12 16:43:27 streamdata.go:16: action=StreamIngestionData, {BTC_JPY RUNNING 2025-07-12T07:43:25.894597Z 19301918 1.7318011e+07 1.7324011e+07 0.01897 0.08512 353.75389833 167.26908676 0 0 1.7318011e+07 708.53208331 708.53208331}
2025/07/12 16:43:27 streamdata.go:16: action=StreamIngestionData, {BTC_JPY RUNNING 2025-07-12T07:43:26.4594528Z 19301929 1.73181e+07 1.73233e+07 0.1869 0.2883 353.83895443 167.55738676 0 0 1.7318011e+07 708.53208331 708.53208331}
2025/07/12 16:43:28 streamdata.go:16: action=StreamIngestionData, {BTC_JPY RUNNING 2025-07-12T07:43:26.9671235Z 19301939 1.7318103e+07 1.73233e+07 0.02 0.5766 353.93281424 167.84568676 0 0 1.7318011e+07 708.53208331 708.53208331}
2025/07/12 16:43:28 streamdata.go:16: action=StreamIngestionData, {BTC_JPY RUNNING 2025-07-12T07:43:27.5072984Z 19301943 1.7318103e+07 1.73233e+07 0.02 0.2883 353.93281424 167.84568676 0 0 1.7318011e+07 708.53208331 708.53208331}
2025/07/12 16:43:29 streamdata.go:16: action=StreamIngestionData, {BTC_JPY RUNNING 2025-07-12T07:43:28.4335801Z 19301945 1.7318103e+07 1.73233e+07 0.02 0.2883 353.92681424 167.84568676 0 0 1.7318011e+07 708.53208331 708.53208331}
2025/07/12 16:43:30 streamdata.go:16: action=StreamIngestionData, {BTC_JPY RUNNING 2025-07-12T07:43:29.0986144Z 19301950 1.7318103e+07 1.73233e+07 0.02 0.2883 353.93681424 167.55738676 0 0 1.7318011e+07 708.53208331 708.53208331}
2025/07/12 16:43:31 streamdata.go:16: action=StreamIngestionData, {BTC_JPY RUNNING 2025-07-12T07:43:29.6842972Z 19301962 1.7318007e+07 1.7322e+07 0.05468263 0.2883 353.91237214 167.85658996 0 0 1.7318103e+07 708.53208331 708.53208331}
2025/07/12 16:43:31 streamdata.go:16: action=StreamIngestionData, {BTC_JPY RUNNING 2025-07-12T07:43:30.3400597Z 19301970 1.7318007e+07 1.7321997e+07 0.05468263 0.02 353.90093454 167.87658996 0 0 1.7318103e+07 708.53208331 708.53208331}
2025/07/12 16:43:32 streamdata.go:16: action=StreamIngestionData, {BTC_JPY RUNNING 2025-07-12T07:43:31.3503187Z 19301971 1.7318007e+07 1.7321997e+07 0.05468263 0.02 353.89770004 167.87658996 0 0 1.7318103e+07 708.53208331 708.53208331}
2025/07/12 16:43:33 streamdata.go:16: action=StreamIngestionData, {BTC_JPY RUNNING 2025-07-12T07:43:32.2929481Z 19301977 1.7318007e+07 1.7321997e+07 0.05468263 0.02 353.89706094 167.87658996 0 0 1.7318103e+07 708.50108331 708.50108331}
2025/07/12 16:43:34 streamdata.go:16: action=StreamIngestionData, {BTC_JPY RUNNING 2025-07-12T07:43:33.3705189Z 19301980 1.7318007e+07 1.7321997e+07 0.05468263 0.02 353.88724344 167.87658996 0 0 1.7318103e+07 708.50108331 708.50108331}
2025/07/12 16:43:35 streamdata.go:16: action=StreamIngestionData, {BTC_JPY RUNNING 2025-07-12T07:43:33.9312217Z 19301986 1.7318007e+07 1.7321997e+07 0.05468263 0.02 353.87734344 167.87658996 0 0 1.7318103e+07 708.50108331 708.50108331}
2025/07/12 16:43:35 streamdata.go:16: action=StreamIngestionData, {BTC_JPY RUNNING 2025-07-12T07:43:34.5063787Z 19301992 1.7318007e+07 1.7321993e+07 0.05468263 0.02 353.88824344 167.99361796 0 0 1.7318103e+07 708.49108331 708.49108331}
2025/07/12 16:43:36 streamdata.go:16: action=StreamIngestionData, {BTC_JPY RUNNING 2025-07-12T07:43:35.0856965Z 19301999 1.7318007e+07 1.732199e+07 0.05468263 0.02 353.85724344 167.99361796 0 0 1.7318103e+07 708.49108331 708.49108331}
2025/07/12 16:43:36 streamdata.go:16: action=StreamIngestionData, {BTC_JPY RUNNING 2025-07-12T07:43:35.6508747Z 19302007 1.7318007e+07 1.7322e+07 0.05468263 0.2883 353.85724344 167.85658996 0 0 1.7318103e+07 708.49108331 708.49108331}
2025/07/12 16:43:37 streamdata.go:16: action=StreamIngestionData, {BTC_JPY RUNNING 2025-07-12T07:43:36.2793346Z 19302027 1.731801e+07 1.7321999e+07 0.02 0.117028 353.86624344 167.96861796 0 0 1.7318103e+07 708.49108331 708.49108331}
2025/07/12 16:43:38 streamdata.go:16: action=StreamIngestionData, {BTC_JPY RUNNING 2025-07-12T07:43:36.9660712Z 19302030 1.7318103e+07 1.7321999e+07 0.01 0.117028 353.85724344 167.96861796 0 0 1.7318103e+07 708.49108331 708.49108331}
2025/07/12 16:43:39 streamdata.go:16: action=StreamIngestionData, {BTC_JPY RUNNING 2025-07-12T07:43:37.8930659Z 19302033 1.7318106e+07 1.7321999e+07 0.02 0.117028 353.87724344 167.96861796 0 0 1.7318103e+07 708.49108331 708.49108331}
2025/07/12 16:43:39 streamdata.go:16: action=StreamIngestionData, {BTC_JPY RUNNING 2025-07-12T07:43:38.4432097Z 19302035 1.7318106e+07 1.7321999e+07 0.02 0.117028 353.87724344 167.96861796 0 0 1.7318103e+07 708.49108331 708.49108331}
2025/07/12 16:43:40 streamdata.go:16: action=StreamIngestionData, {BTC_JPY RUNNING 2025-07-12T07:43:39.1298172Z 19302045 1.7321999e+07 1.7324011e+07 0.01 0.08512 353.71045514 167.29138996 0 0 1.7321999e+07 708.52508331 708.52508331}
2025/07/12 16:43:41 streamdata.go:16: action=StreamIngestionData, {BTC_JPY RUNNING 2025-07-12T07:43:39.7789173Z 19302055 1.7321999e+07 1.732401e+07 0.01 0.083028 353.59002934 167.36351476 0 0 1.7321999e+07 708.52508331 708.52508331}
2025/07/12 16:43:41 streamdata.go:16: action=StreamIngestionData, {BTC_JPY RUNNING 2025-07-12T07:43:40.380412Z 19302062 1.7321999e+07 1.732401e+07 0.01 0.083028 353.77792934 167.65181476 0 0 1.7321999e+07 708.52508331 708.52508331}
2025/07/12 16:43:42 streamdata.go:16: action=StreamIngestionData, {BTC_JPY RUNNING 2025-07-12T07:43:40.9819574Z 19302070 1.7321999e+07 1.732401e+07 0.01 0.083028 353.77854664 167.65181476 0 0 1.7321999e+07 708.52508331 708.52508331}
2025/07/12 16:43:43 streamdata.go:16: action=StreamIngestionData, {BTC_JPY RUNNING 2025-07-12T07:43:41.6709306Z 19302078 1.7321999e+07 1.732401e+07 0.01 0.083028 353.77792934 167.65181476 0 0 1.7321999e+07 708.52508331 708.52508331}
2025/07/12 16:43:43 streamdata.go:16: action=StreamIngestionData, {BTC_JPY RUNNING 2025-07-12T07:43:42.1995323Z 19302086 1.7321999e+07 1.732401e+07 0.01 0.083028 353.88919344 167.65281476 0 0 1.7321999e+07 708.52508331 708.52508331}
2025/07/12 16:43:44 streamdata.go:16: action=StreamIngestionData, {BTC_JPY RUNNING 2025-07-12T07:43:42.8236498Z 19302100 1.7318106e+07 1.73234e+07 0.02 0.2883 353.72058683 167.65281476 0 0 1.7321999e+07 708.52508331 708.52508331}
2025/07/12 16:43:44 streamdata.go:16: action=StreamIngestionData, {BTC_JPY RUNNING 2025-07-12T07:43:43.5476894Z 19302105 1.7318106e+07 1.7323399e+07 0.02 0.083028 353.78902607 167.94211476 0 0 1.7321999e+07 708.52508331 708.52508331}
2025/07/12 16:43:45 streamdata.go:16: action=StreamIngestionData, {BTC_JPY RUNNING 2025-07-12T07:43:44.0395531Z 19302109 1.7318106e+07 1.7323399e+07 0.02 0.083028 353.88747927 167.94211476 0 0 1.7321999e+07 708.52508331 708.52508331}
2025/07/12 16:43:46 streamdata.go:16: action=StreamIngestionData, {BTC_JPY RUNNING 2025-07-12T07:43:44.7859924Z 19302126 1.7318106e+07 1.7323399e+07 0.02 0.083028 353.18565692 167.95034541 0 0 1.7321999e+07 708.52508331 708.52508331}
2025/07/12 16:43:46 streamdata.go:16: action=StreamIngestionData, {BTC_JPY RUNNING 2025-07-12T07:43:45.6236398Z 19302131 1.7318106e+07 1.7323399e+07 0.02 0.083028 353.19785062 167.95134541 0 0 1.7321999e+07 708.52508331 708.52508331}
2025/07/12 16:43:47 streamdata.go:16: action=StreamIngestionData, {BTC_JPY RUNNING 2025-07-12T07:43:46.2622508Z 19302135 1.7318106e+07 1.7323399e+07 0.02 0.083028 353.20745692 167.95134541 0 0 1.7321999e+07 708.52508331 708.52508331}
2025/07/12 16:43:48 streamdata.go:16: action=StreamIngestionData, {BTC_JPY RUNNING 2025-07-12T07:43:46.8893197Z 19302141 1.7318106e+07 1.7323399e+07 0.02 0.083028 352.60845692 167.36204541 0 0 1.7321999e+07 708.52508331 708.52508331}
2025/07/12 16:43:48 streamdata.go:16: action=StreamIngestionData, {BTC_JPY RUNNING 2025-07-12T07:43:47.5792468Z 19302144 1.7318106e+07 1.7323399e+07 0.02 0.083028 353.21004432 167.36204541 0 0 1.7321999e+07 708.52508331 708.52508331}
2025/07/12 16:43:49 streamdata.go:16: action=StreamIngestionData, {BTC_JPY RUNNING 2025-07-12T07:43:48.2814574Z 19302148 1.7318106e+07 1.7323399e+07 0.02 0.083028 353.20745692 167.36304541 0 0 1.7321999e+07 708.52508331 708.52508331}
2025/07/12 16:43:50 streamdata.go:16: action=StreamIngestionData, {BTC_JPY RUNNING 2025-07-12T07:43:48.8473544Z 19302151 1.7318106e+07 1.7323399e+07 0.02 0.083028 353.20845692 167.36304541 0 0 1.7321999e+07 708.52508331 708.52508331}
2025/07/12 16:43:50 streamdata.go:16: action=StreamIngestionData, {BTC_JPY RUNNING 2025-07-12T07:43:49.3877839Z 19302154 1.7318106e+07 1.7323399e+07 0.02 0.083028 353.27689735 167.36304541 0 0 1.7321999e+07 708.52508331 708.52508331}
2025/07/12 16:43:51 streamdata.go:16: action=StreamIngestionData, {BTC_JPY RUNNING 2025-07-12T07:43:49.8993967Z 19302158 1.7318106e+07 1.7323399e+07 0.02 0.083028 353.27889735 167.36304541 0 0 1.7321999e+07 708.52508331 708.52508331}
2025/07/12 16:43:51 streamdata.go:16: action=StreamIngestionData, {BTC_JPY RUNNING 2025-07-12T07:43:50.633957Z 19302163 1.7321999e+07 1.7323399e+07 0.01 0.083028 353.28889735 166.34417431 0 0 1.7321999e+07 708.52508331 708.52508331}
2025/07/12 16:43:52 streamdata.go:16: action=StreamIngestionData, {BTC_JPY RUNNING 2025-07-12T07:43:51.1420504Z 19302176 1.7321999e+07 1.7323649e+07 0.01 0.5903 353.77110855 167.57128857 0 0 1.7321999e+07 708.52508331 708.52508331}
2025/07/12 16:43:53 streamdata.go:16: action=StreamIngestionData, {BTC_JPY RUNNING 2025-07-12T07:43:51.8281565Z 19302181 1.7321999e+07 1.7323648e+07 0.01 0.083028 353.77010855 167.94261657 0 0 1.7321999e+07 708.52508331 708.52508331}
2025/07/12 16:43:53 streamdata.go:16: action=StreamIngestionData, {BTC_JPY RUNNING 2025-07-12T07:43:52.3230417Z 19302187 1.7321999e+07 1.7323648e+07 0.01 0.083028 353.77272565 167.94261657 0 0 1.7321999e+07 708.52508331 708.52508331}
2025/07/12 16:43:54 streamdata.go:16: action=StreamIngestionData, {BTC_JPY RUNNING 2025-07-12T07:43:53.2714574Z 19302189 1.7318103e+07 1.7323648e+07 0.011 0.083028 353.76110855 167.94261657 0 0 1.7321999e+07 708.53508331 708.53508331}
2025/07/12 16:43:55 streamdata.go:16: action=StreamIngestionData, {BTC_JPY RUNNING 2025-07-12T07:43:53.8365798Z 19302204 1.7318106e+07 1.7323478e+07 0.02 0.02 353.59672655 167.31383897 0 0 1.7321999e+07 708.53508331 708.53508331}
2025/07/12 16:43:55 streamdata.go:16: action=StreamIngestionData, {BTC_JPY RUNNING 2025-07-12T07:43:54.4224599Z 19302213 1.7318106e+07 1.7323476e+07 0.02 0.02 353.58434968 167.41686697 0 0 1.7321999e+07 708.53508331 708.53508331}
2025/07/12 16:43:56 streamdata.go:16: action=StreamIngestionData, {BTC_JPY RUNNING 2025-07-12T07:43:54.8993312Z 19302222 1.7318106e+07 1.73234e+07 0.02 0.2883 353.78256348 167.70516697 0 0 1.7321999e+07 708.53508331 708.53508331}
2025/07/12 16:43:56 streamdata.go:16: action=StreamIngestionData, {BTC_JPY RUNNING 2025-07-12T07:43:55.4695624Z 19302236 1.7318106e+07 1.7323399e+07 0.02 0.103028 353.88212109 167.99346697 0 0 1.7321999e+07 708.53508331 708.53508331}
2025/07/12 16:43:57 streamdata.go:16: action=StreamIngestionData, {BTC_JPY RUNNING 2025-07-12T07:43:56.3352981Z 19302246 1.7318106e+07 1.7323399e+07 0.02 0.103028 353.86839185 167.99346697 0 0 1.7321999e+07 708.53508331 708.53508331}
2025/07/12 16:43:58 streamdata.go:16: action=StreamIngestionData, {BTC_JPY RUNNING 2025-07-12T07:43:56.8169941Z 19302253 1.7318106e+07 1.7323398e+07 0.02 0.02 353.87039185 167.91043897 0 0 1.7321999e+07 708.53508331 708.53508331}
2025/07/12 16:43:58 streamdata.go:16: action=StreamIngestionData, {BTC_JPY RUNNING 2025-07-12T07:43:57.351045Z 19302257 1.7318106e+07 1.7323397e+07 0.02 0.083028 353.87068555 167.97346697 0 0 1.7321999e+07 708.53508331 708.53508331}
2025/07/12 16:43:59 streamdata.go:16: action=StreamIngestionData, {BTC_JPY RUNNING 2025-07-12T07:43:57.9638415Z 19302261 1.7318106e+07 1.7323395e+07 0.02 0.083028 353.87168555 167.99346697 0 0 1.7321999e+07 708.53508331 708.53508331}
2025/07/12 16:43:59 streamdata.go:16: action=StreamIngestionData, {BTC_JPY RUNNING 2025-07-12T07:43:58.6095575Z 19302266 1.7318106e+07 1.7323394e+07 0.02 0.02 353.87168555 167.91043897 0 0 1.7321999e+07 708.53508331 708.53508331}
2025/07/12 16:44:00 streamdata.go:16: action=StreamIngestionData, {BTC_JPY RUNNING 2025-07-12T07:43:59.2256073Z 19302272 1.7318106e+07 1.7323393e+07 0.02 0.083028 353.89419185 167.99346697 0 0 1.7321999e+07 708.53508331 708.53508331}
2025/07/12 16:44:01 streamdata.go:16: action=StreamIngestionData, {BTC_JPY RUNNING 2025-07-12T07:43:59.8163345Z 19302277 1.7318106e+07 1.7323399e+07 0.02 0.02 353.89319185 167.89043897 0 0 1.7321999e+07 708.53508331 708.53508331}
2025/07/12 16:44:01 streamdata.go:16: action=StreamIngestionData, {BTC_JPY RUNNING 2025-07-12T07:44:00.3706633Z 19302281 1.7318106e+07 1.7323398e+07 0.02 0.083028 353.92319185 167.97346697 0 0 1.7321999e+07 708.53508331 708.53508331}
2025/07/12 16:44:02 streamdata.go:16: action=StreamIngestionData, {BTC_JPY RUNNING 2025-07-12T07:44:00.9417922Z 19302289 1.7318106e+07 1.7323398e+07 0.02 0.054028 353.73955585 167.36786697 0 0 1.7323398e+07 708.56408331 708.56408331}
2025/07/12 16:44:03 streamdata.go:16: action=StreamIngestionData, {BTC_JPY RUNNING 2025-07-12T07:44:01.6583807Z 19302308 1.7318106e+07 1.7323649e+07 0.02 0.5903 353.72355515 167.28173911 0 0 1.7323398e+07 708.56408331 708.56408331}
2025/07/12 16:44:03 streamdata.go:16: action=StreamIngestionData, {BTC_JPY RUNNING 2025-07-12T07:44:02.3489215Z 19302317 1.7318106e+07 1.73234e+07 0.02 0.2883 353.91197266 167.57003911 0 0 1.7323398e+07 708.56408331 708.56408331}
2025/07/12 16:44:04 streamdata.go:16: action=StreamIngestionData, {BTC_JPY RUNNING 2025-07-12T07:44:02.8039455Z 19302325 1.7318106e+07 1.7323399e+07 0.02 0.054028 353.88181261 167.73483761 0 0 1.7323398e+07 708.56408331 708.56408331}
2025/07/12 16:44:04 streamdata.go:16: action=StreamIngestionData, {BTC_JPY RUNNING 2025-07-12T07:44:03.369737Z 19302329 1.7318106e+07 1.7323399e+07 0.02 0.054028 353.91232255 167.73483761 0 0 1.7323398e+07 708.56408331 708.56408331}
2025/07/12 16:44:05 streamdata.go:16: action=StreamIngestionData, {BTC_JPY RUNNING 2025-07-12T07:44:03.8993407Z 19302331 1.7318106e+07 1.7323399e+07 0.02 0.054028 353.91792255 167.73483761 0 0 1.7323398e+07 708.56408331 708.56408331}
2025/07/12 16:44:05 streamdata.go:16: action=StreamIngestionData, {BTC_JPY RUNNING 2025-07-12T07:44:04.4545931Z 19302334 1.7323398e+07 1.7323399e+07 0.01 0.054028 353.92792255 167.73483761 0 0 1.7323398e+07 708.56408331 708.56408331}
2025/07/12 16:44:06 streamdata.go:16: action=StreamIngestionData, {BTC_JPY RUNNING 2025-07-12T07:44:05.0230665Z 19302349 1.7318103e+07 1.7323649e+07 0.011 0.5903 353.73056982 167.09335921 0 0 1.7323398e+07 708.57408331 708.57408331}
2025/07/12 16:44:06 streamdata.go:16: action=StreamIngestionData, {BTC_JPY RUNNING 2025-07-12T07:44:05.5022683Z 19302367 1.7318103e+07 1.73233e+07 0.011 0.2883 353.78663185 167.6822403 0 0 1.7323398e+07 708.57408331 708.57408331}
2025/07/12 16:44:07 streamdata.go:16: action=StreamIngestionData, {BTC_JPY RUNNING 2025-07-12T07:44:06.1528493Z 19302378 1.7318106e+07 1.73233e+07 0.02 0.2883 353.90899225 167.3937403 0 0 1.7323398e+07 708.57408331 708.57408331}
2025/07/12 16:44:07 streamdata.go:16: action=StreamIngestionData, {BTC_JPY RUNNING 2025-07-12T07:44:06.7293465Z 19302389 1.7318106e+07 1.7323299e+07 0.02 0.054028 353.82881045 167.4497683 0 0 1.7323398e+07 708.57408331 708.57408331}
2025/07/12 16:44:08 streamdata.go:16: action=StreamIngestionData, {BTC_JPY RUNNING 2025-07-12T07:44:07.2728954Z 19302400 1.7318106e+07 1.7323399e+07 0.02 0.054028 353.81099225 167.7380683 0 0 1.7323398e+07 708.57408331 708.57408331}
2025/07/12 16:44:09 streamdata.go:16: action=StreamIngestionData, {BTC_JPY RUNNING 2025-07-12T07:44:07.8373132Z 19302407 1.7318106e+07 1.7323399e+07 0.02 0.054028 353.82881015 167.7400683 0 0 1.7323398e+07 708.57408331 708.57408331}
2025/07/12 16:44:09 streamdata.go:16: action=StreamIngestionData, {BTC_JPY RUNNING 2025-07-12T07:44:08.6518593Z 19302410 1.7318106e+07 1.7323399e+07 0.02 0.054028 353.82880955 167.7420683 0 0 1.7323398e+07 708.57408331 708.57408331}
2025/07/12 16:44:10 streamdata.go:16: action=StreamIngestionData, {BTC_JPY RUNNING 2025-07-12T07:44:09.2509951Z 19302416 1.7318106e+07 1.7323399e+07 0.02 0.054028 353.92790955 167.7420683 0 0 1.7323398e+07 708.57408331 708.57408331}
2025/07/12 16:44:11 streamdata.go:16: action=StreamIngestionData, {BTC_JPY RUNNING 2025-07-12T07:44:09.8181042Z 19302428 1.7318107e+07 1.7323396e+07 0.02 0.02 353.82880955 167.7630671 0 0 1.7323398e+07 708.57408331 708.57408331}
2025/07/12 16:44:11 streamdata.go:16: action=StreamIngestionData, {BTC_JPY RUNNING 2025-07-12T07:44:10.4596145Z 19302434 1.7318103e+07 1.7323395e+07 0.011 0.054028 353.80880955 167.7430671 0 0 1.7323398e+07 708.57408331 708.57408331}
2025/07/12 16:44:12 streamdata.go:16: action=StreamIngestionData, {BTC_JPY RUNNING 2025-07-12T07:44:10.9995064Z 19302444 1.7318103e+07 1.73234e+07 0.011 0.5766 353.80880955 167.6910391 0 0 1.7323398e+07 708.57408331 708.57408331}
2025/07/12 16:44:12 streamdata.go:16: action=StreamIngestionData, {BTC_JPY RUNNING 2025-07-12T07:44:11.5681817Z 19302453 1.7323396e+07 1.7323399e+07 0.01 0.054028 353.85880955 167.1572735 0 0 1.7323398e+07 708.57408331 708.57408331}
2025/07/12 16:44:13 streamdata.go:16: action=StreamIngestionData, {BTC_JPY RUNNING 2025-07-12T07:44:12.2020523Z 19302468 1.7318103e+07 1.7323396e+07 0.011 0.02 353.84469065 167.7127311 0 0 1.7323396e+07 708.58408331 708.58408331}
2025/07/12 16:44:14 streamdata.go:16: action=StreamIngestionData, {BTC_JPY RUNNING 2025-07-12T07:44:12.6978578Z 19302480 1.7318103e+07 1.7323397e+07 0.011 0.02 353.84307355 167.8902627 0 0 1.7323396e+07 708.58408331 708.58408331}
2025/07/12 16:44:14 streamdata.go:16: action=StreamIngestionData, {BTC_JPY RUNNING 2025-07-12T07:44:13.1276061Z 19302484 1.7318103e+07 1.73234e+07 0.011 0.5766 353.84307355 167.87136256 0 0 1.7323396e+07 708.58408331 708.58408331}
2025/07/12 16:44:15 streamdata.go:16: action=StreamIngestionData, {BTC_JPY RUNNING 2025-07-12T07:44:13.7571014Z 19302493 1.7318103e+07 1.7323391e+07 0.011 0.02 353.86436725 167.94539056 0 0 1.7323396e+07 708.58408331 708.58408331}
2025/07/12 16:44:15 streamdata.go:16: action=StreamIngestionData, {BTC_JPY RUNNING 2025-07-12T07:44:14.3225594Z 19302506 1.7318103e+07 1.73234e+07 0.011 0.5766 353.86475015 167.87136256 0 0 1.7323396e+07 708.58408331 708.58408331}
2025/07/12 16:44:16 streamdata.go:16: action=StreamIngestionData, {BTC_JPY RUNNING 2025-07-12T07:44:14.9500007Z 19302516 1.7318103e+07 1.7323382e+07 0.011 0.02 353.86442665 167.69136256 0 0 1.7323396e+07 708.58408331 708.58408331}
2025/07/12 16:44:16 streamdata.go:16: action=StreamIngestionData, {BTC_JPY RUNNING 2025-07-12T07:44:15.5538251Z 19302528 1.7318104e+07 1.73234e+07 0.02 0.5766 353.98790305 167.87136256 0 0 1.7323396e+07 708.58408331 708.58408331}
2025/07/12 16:44:17 streamdata.go:16: action=StreamIngestionData, {BTC_JPY RUNNING 2025-07-12T07:44:16.0840727Z 19302541 1.7318112e+07 1.73234e+07 0.02 0.5766 353.87679185 167.87136256 0 0 1.7323396e+07 708.58408331 708.58408331}
2025/07/12 16:44:17 streamdata.go:16: action=StreamIngestionData, {BTC_JPY RUNNING 2025-07-12T07:44:16.5912198Z 19302566 1.7318103e+07 1.7323649e+07 0.011 0.5903 353.67399375 167.28787696 0 0 1.7323396e+07 708.58408331 708.58408331}
2025/07/12 16:44:18 streamdata.go:16: action=StreamIngestionData, {BTC_JPY RUNNING 2025-07-12T07:44:17.1417388Z 19302586 1.7318103e+07 1.7323391e+07 0.011 0.02 353.78417695 166.71757696 0 0 1.7323396e+07 708.58408331 708.58408331}
2025/07/12 16:44:18 streamdata.go:16: action=StreamIngestionData, {BTC_JPY RUNNING 2025-07-12T07:44:17.7391763Z 19302615 1.7318204e+07 1.7324011e+07 0.02 0.08512 353.84897377 167.56509776 0 0 1.7323396e+07 708.58408331 708.58408331}
2025/07/12 16:44:19 streamdata.go:16: action=StreamIngestionData, {BTC_JPY RUNNING 2025-07-12T07:44:18.3370957Z 19302641 1.7318208e+07 1.7324011e+07 0.02 0.08512 353.93154604 167.56509776 0 0 1.7323396e+07 708.58408331 708.58408331}
2025/07/12 16:44:20 streamdata.go:16: action=StreamIngestionData, {BTC_JPY RUNNING 2025-07-12T07:44:18.9656273Z 19302654 1.7318209e+07 1.7324011e+07 0.03 0.08512 353.91577954 167.85339776 0 0 1.7323396e+07 708.58408331 708.58408331}
2025/07/12 16:44:20 streamdata.go:16: action=StreamIngestionData, {BTC_JPY RUNNING 2025-07-12T07:44:19.426251Z 19302667 1.7318213e+07 1.7326e+07 0.03 0.2883 353.91383944 167.76827776 0 0 1.7323396e+07 708.58408331 708.58408331}
2025/07/12 16:44:21 streamdata.go:16: action=StreamIngestionData, {BTC_JPY RUNNING 2025-07-12T07:44:20.0562964Z 19302681 1.7318216e+07 1.7326e+07 0.02 0.2883 353.84011491 167.76827776 0 0 1.7323396e+07 708.58408331 708.58408331}
2025/07/12 16:44:21 streamdata.go:16: action=StreamIngestionData, {BTC_JPY RUNNING 2025-07-12T07:44:20.6689112Z 19302697 1.731822e+07 1.7326e+07 0.145972 0.2883 353.9352567 167.76827776 0 0 1.7323396e+07 708.58408331 708.58408331}
2025/07/12 16:44:22 streamdata.go:16: action=StreamIngestionData, {BTC_JPY RUNNING 2025-07-12T07:44:21.1295895Z 19302710 1.7318221e+07 1.7326e+07 0.03 0.2883 353.85942698 167.76827776 0 0 1.7323396e+07 708.58408331 708.58408331}
2025/07/12 16:44:22 streamdata.go:16: action=StreamIngestionData, {BTC_JPY RUNNING 2025-07-12T07:44:21.5960341Z 19302723 1.7318226e+07 1.7326e+07 0.03 0.2883 353.87942698 167.76827776 0 0 1.7323396e+07 708.58408331 708.58408331}
2025/07/12 16:44:23 streamdata.go:16: action=StreamIngestionData, {BTC_JPY RUNNING 2025-07-12T07:44:22.2507235Z 19302741 1.7318232e+07 1.7326e+07 0.02 0.2883 354.15739898 167.76827776 0 0 1.7323396e+07 708.58408331 708.58408331}
2025/07/12 16:44:24 streamdata.go:16: action=StreamIngestionData, {BTC_JPY RUNNING 2025-07-12T07:44:22.7743727Z 19302752 1.7318201e+07 1.7326e+07 0.03 0.2883 353.97142698 167.76827776 0 0 1.7323396e+07 708.58408331 708.58408331}
2025/07/12 16:44:24 streamdata.go:16: action=StreamIngestionData, {BTC_JPY RUNNING 2025-07-12T07:44:23.3515437Z 19302766 1.7318237e+07 1.73252e+07 0.03 0.2883 353.97171978 167.76827776 0 0 1.7323396e+07 708.58408331 708.58408331}
2025/07/12 16:44:25 streamdata.go:16: action=StreamIngestionData, {BTC_JPY RUNNING 2025-07-12T07:44:23.7699024Z 19302777 1.73182e+07 1.7326144e+07 0.1869 0.5903 353.94042698 167.47997776 0 0 1.7323396e+07 708.58408331 708.58408331}
2025/07/12 16:44:25 streamdata.go:16: action=StreamIngestionData, {BTC_JPY RUNNING 2025-07-12T07:44:24.3099073Z 19302797 1.7318245e+07 1.73261e+07 0.02 0.2883 353.96336618 167.76827776 0 0 1.7323396e+07 708.58408331 708.58408331}
2025/07/12 16:44:26 streamdata.go:16: action=StreamIngestionData, {BTC_JPY RUNNING 2025-07-12T07:44:25.010035Z 19302815 1.7318249e+07 1.73261e+07 0.02 0.2883 353.99142698 167.76827776 0 0 1.7323396e+07 708.58408331 708.58408331}
2025/07/12 16:44:26 streamdata.go:16: action=StreamIngestionData, {BTC_JPY RUNNING 2025-07-12T07:44:25.5768511Z 19302830 1.7318201e+07 1.73261e+07 0.03 0.2883 353.97333588 167.76827776 0 0 1.7323396e+07 708.58408331 708.58408331}
2025/07/12 16:44:27 streamdata.go:16: action=StreamIngestionData, {BTC_JPY RUNNING 2025-07-12T07:44:26.0383758Z 19302841 1.7318258e+07 1.73261e+07 0.02 0.2883 353.38135108 167.76827776 0 0 1.7323396e+07 708.58408331 708.58408331}
2025/07/12 16:44:27 streamdata.go:16: action=StreamIngestionData, {BTC_JPY RUNNING 2025-07-12T07:44:26.6821296Z 19302859 1.7318262e+07 1.73261e+07 0.02 0.2883 354.13686138 167.76827776 0 0 1.7323396e+07 708.58408331 708.58408331}
2025/07/12 16:44:28 streamdata.go:16: action=StreamIngestionData, {BTC_JPY RUNNING 2025-07-12T07:44:27.248553Z 19302881 1.7318266e+07 1.73261e+07 0.02 0.2883 353.99142698 167.76808416 0 0 1.7323396e+07 708.58408331 708.58408331}
2025/07/12 16:44:29 streamdata.go:16: action=StreamIngestionData, {BTC_JPY RUNNING 2025-07-12T07:44:27.8238453Z 19302895 1.7318269e+07 1.73261e+07 0.02 0.2883 353.99142698 167.76808416 0 0 1.7323396e+07 708.58408331 708.58408331}
2025/07/12 16:44:29 streamdata.go:16: action=StreamIngestionData, {BTC_JPY RUNNING 2025-07-12T07:44:28.4011146Z 19302904 1.7318273e+07 1.73261e+07 0.03 0.2883 353.97253748 167.76808416 0 0 1.7323396e+07 708.58208331 708.58208331}
2025/07/12 16:44:30 streamdata.go:16: action=StreamIngestionData, {BTC_JPY RUNNING 2025-07-12T07:44:29.0231108Z 19302923 1.73182e+07 1.7326096e+07 0.1869 0.054028 353.93084938 167.85302416 0 0 1.7323396e+07 708.58208331 708.58208331}
2025/07/12 16:44:30 streamdata.go:16: action=StreamIngestionData, {BTC_JPY RUNNING 2025-07-12T07:44:29.4428212Z 19302937 1.7318103e+07 1.73234e+07 0.011 0.2883 353.93060598 167.77899616 0 0 1.7323396e+07 708.58208331 708.58208331}
2025/07/12 16:44:31 streamdata.go:16: action=StreamIngestionData, {BTC_JPY RUNNING 2025-07-12T07:44:30.0965704Z 19302945 1.7318103e+07 1.7323399e+07 0.011 0.054028 353.92966678 167.84363696 0 0 1.7323396e+07 708.58208331 708.58208331}
2025/07/12 16:44:31 streamdata.go:16: action=StreamIngestionData, {BTC_JPY RUNNING 2025-07-12T07:44:30.6948227Z 19302956 1.7318103e+07 1.7323397e+07 0.011 0.02 353.92877181 167.86363696 0 0 1.7323396e+07 708.58208331 708.58208331}
2025/07/12 16:44:32 streamdata.go:16: action=StreamIngestionData, {BTC_JPY RUNNING 2025-07-12T07:44:31.2057082Z 19302965 1.7318103e+07 1.7323394e+07 0.011 0.02 353.93077872 167.80960896 0 0 1.7323396e+07 708.58208331 708.58208331}
2025/07/12 16:44:33 streamdata.go:16: action=StreamIngestionData, {BTC_JPY RUNNING 2025-07-12T07:44:31.813929Z 19302980 1.7318103e+07 1.7323388e+07 0.011 0.02 353.92903136 167.86363696 0 0 1.7323396e+07 708.57208331 708.57208331}
2025/07/12 16:44:33 streamdata.go:16: action=StreamIngestionData, {BTC_JPY RUNNING 2025-07-12T07:44:32.3682659Z 19302988 1.7318103e+07 1.73234e+07 0.011 0.2883 353.92895579 167.78960896 0 0 1.7323396e+07 708.57208331 708.57208331}
2025/07/12 16:44:34 streamdata.go:16: action=StreamIngestionData, {BTC_JPY RUNNING 2025-07-12T07:44:32.9080005Z 19302996 1.7318103e+07 1.7323396e+07 0.011 0.054028 353.92865833 167.86363696 0 0 1.7323396e+07 708.57208331 708.57208331}
2025/07/12 16:44:34 streamdata.go:16: action=StreamIngestionData, {BTC_JPY RUNNING 2025-07-12T07:44:33.4595156Z 19303008 1.7318103e+07 1.7323393e+07 0.011 0.02 353.85294066 167.81563696 0 0 1.7323396e+07 708.57208331 708.57208331}
2025/07/12 16:44:35 streamdata.go:16: action=StreamIngestionData, {BTC_JPY RUNNING 2025-07-12T07:44:34.0558903Z 19303026 1.7318103e+07 1.732339e+07 0.011 0.02 353.927963 167.85821635 0 0 1.7323396e+07 708.57208331 708.57208331}
2025/07/12 16:44:36 streamdata.go:16: action=StreamIngestionData, {BTC_JPY RUNNING 2025-07-12T07:44:34.833766Z 19303034 1.7318103e+07 1.7323389e+07 0.011 0.054028 353.927963 167.83821635 0 0 1.7323389e+07 708.58208331 708.58208331}
2025/07/12 16:44:36 streamdata.go:16: action=StreamIngestionData, {BTC_JPY RUNNING 2025-07-12T07:44:35.2954012Z 19303045 1.732e+07 1.73234e+07 0.1 0.2883 354.048963 167.59555985 0 0 1.7323389e+07 708.58208331 708.58208331}
2025/07/12 16:44:37 streamdata.go:16: action=StreamIngestionData, {BTC_JPY RUNNING 2025-07-12T07:44:35.9456075Z 19303069 1.731801e+07 1.7325106e+07 0.02 0.054028 353.7029293 166.63083279 0 0 1.7318007e+07 708.76208331 708.76208331}
2025/07/12 16:44:37 streamdata.go:16: action=StreamIngestionData, {BTC_JPY RUNNING 2025-07-12T07:44:36.4386966Z 19303095 1.7318007e+07 1.7325104e+07 0.00568263 0.054028 353.6716793 167.06839364 0 0 1.7318007e+07 708.76208331 708.76208331}
2025/07/12 16:44:38 streamdata.go:16: action=StreamIngestionData, {BTC_JPY RUNNING 2025-07-12T07:44:36.9948681Z 19303109 1.7318007e+07 1.73233e+07 0.00568263 0.2883 353.85756565 167.35605908 0 0 1.7318007e+07 708.76208331 708.76208331}
2025/07/12 16:44:38 streamdata.go:16: action=StreamIngestionData, {BTC_JPY RUNNING 2025-07-12T07:44:37.5514882Z 19303125 1.7318007e+07 1.7323297e+07 0.00568263 0.02 353.85894835 167.84189078 0 0 1.7318007e+07 708.76208331 708.76208331}
2025/07/12 16:44:39 streamdata.go:16: action=StreamIngestionData, {BTC_JPY RUNNING 2025-07-12T07:44:38.0749284Z 19303142 1.7318007e+07 1.7323294e+07 0.00568263 0.02 353.24708779 167.85326038 0 0 1.7318007e+07 708.76208331 708.76208331}
2025/07/12 16:44:39 streamdata.go:16: action=StreamIngestionData, {BTC_JPY RUNNING 2025-07-12T07:44:38.5513375Z 19303153 1.7318007e+07 1.7323291e+07 0.00568263 0.02 353.81945785 167.79923238 0 0 1.7318007e+07 708.76208331 708.76208331}
2025/07/12 16:44:40 streamdata.go:16: action=StreamIngestionData, {BTC_JPY RUNNING 2025-07-12T07:44:39.1412728Z 19303165 1.7318007e+07 1.73233e+07 0.00568263 0.5766 353.86676667 167.77923238 0 0 1.7318007e+07 708.75008331 708.75008331}
2025/07/12 16:44:40 streamdata.go:16: action=StreamIngestionData, {BTC_JPY RUNNING 2025-07-12T07:44:39.6375298Z 19303176 1.7318007e+07 1.7323282e+07 0.00568263 0.02 353.83007065 167.79923238 0 0 1.7318007e+07 708.75008331 708.75008331}
2025/07/12 16:44:41 streamdata.go:16: action=StreamIngestionData, {BTC_JPY RUNNING 2025-07-12T07:44:40.2978131Z 19303191 1.7315817e+07 1.7323296e+07 0.001 0.054028 353.86095799 167.63326038 0 0 1.7318007e+07 708.74576594 708.74576594}
2025/07/12 16:44:42 streamdata.go:16: action=StreamIngestionData, {BTC_JPY RUNNING 2025-07-12T07:44:40.9329241Z 19303204 1.7315817e+07 1.73233e+07 0.001 0.5766 353.86052464 167.60169968 0 0 1.7318007e+07 708.74576594 708.74576594}
2025/07/12 16:44:42 streamdata.go:16: action=StreamIngestionData, {BTC_JPY RUNNING 2025-07-12T07:44:41.3780323Z 19303212 1.7315817e+07 1.7323297e+07 0.001 0.02 353.86101153 167.67572768 0 0 1.7318007e+07 708.74576594 708.74576594}
2025/07/12 16:44:43 streamdata.go:16: action=StreamIngestionData, {BTC_JPY RUNNING 2025-07-12T07:44:42.052301Z 19303225 1.7315817e+07 1.73233e+07 0.001 0.5766 353.83420522 167.77923238 0 0 1.7318007e+07 708.74576594 708.74576594}
2025/07/12 16:44:44 streamdata.go:16: action=StreamIngestionData, {BTC_JPY RUNNING 2025-07-12T07:44:42.6843118Z 19303239 1.7315817e+07 1.73233e+07 0.001 0.5766 353.85979548 167.78023238 0 0 1.7318007e+07 708.74576594 708.74576594}
2025/07/12 16:44:44 streamdata.go:16: action=StreamIngestionData, {BTC_JPY RUNNING 2025-07-12T07:44:43.3406891Z 19303249 1.7315817e+07 1.73233e+07 0.001 0.5766 353.862154 167.78023238 0 0 1.7318007e+07 708.74576594 708.74576594}
2025/07/12 16:44:45 streamdata.go:16: action=StreamIngestionData, {BTC_JPY RUNNING 2025-07-12T07:44:43.8797906Z 19303257 1.7315817e+07 1.7323288e+07 0.001 0.02 353.862154 167.80123238 0 0 1.7318007e+07 708.74576594 708.74576594}
2025/07/12 16:44:45 streamdata.go:16: action=StreamIngestionData, {BTC_JPY RUNNING 2025-07-12T07:44:44.3501791Z 19303264 1.7315817e+07 1.73233e+07 0.001 0.5766 353.862154 167.78123238 0 0 1.7318007e+07 708.74276594 708.74276594}
2025/07/12 16:44:46 streamdata.go:16: action=StreamIngestionData, {BTC_JPY RUNNING 2025-07-12T07:44:45.0076061Z 19303273 1.7315818e+07 1.7323297e+07 0.145972 0.02 353.9983088 167.80123238 0 0 1.7318007e+07 708.74276594 708.74276594}
2025/07/12 16:44:46 streamdata.go:16: action=StreamIngestionData, {BTC_JPY RUNNING 2025-07-12T07:44:45.5445652Z 19303285 1.73161e+07 1.7323297e+07 0.1869 0.02 353.8921548 167.80223238 0 0 1.7318007e+07 708.74276594 708.74276594}
2025/07/12 16:44:47 streamdata.go:16: action=StreamIngestionData, {BTC_JPY RUNNING 2025-07-12T07:44:46.1723471Z 19303292 1.73161e+07 1.7323297e+07 0.1869 0.02 353.8523368 167.79086278 0 0 1.7318007e+07 708.73276594 708.73276594}
2025/07/12 16:44:48 streamdata.go:16: action=StreamIngestionData, {BTC_JPY RUNNING 2025-07-12T07:44:46.8376147Z 19303302 1.7316102e+07 1.7323297e+07 0.03 0.02 353.8823368 167.79186278 0 0 1.7318007e+07 708.73276594 708.73276594}
2025/07/12 16:44:48 streamdata.go:16: action=StreamIngestionData, {BTC_JPY RUNNING 2025-07-12T07:44:47.4384382Z 19303307 1.7316104e+07 1.7323297e+07 0.03 0.02 353.8714368 167.79186278 0 0 1.7318007e+07 708.73276594 708.73276594}
2025/07/12 16:44:49 streamdata.go:16: action=StreamIngestionData, {BTC_JPY RUNNING 2025-07-12T07:44:48.0194646Z 19303315 1.7316106e+07 1.7323297e+07 0.03 0.02 354.0283088 167.79186278 0 0 1.7318007e+07 708.73276594 708.73276594}
2025/07/12 16:44:49 streamdata.go:16: action=StreamIngestionData, {BTC_JPY RUNNING 2025-07-12T07:44:48.502708Z 19303322 1.7316107e+07 1.7323297e+07 0.145972 0.02 354.02628365 167.79286278 0 0 1.7318007e+07 708.73276594 708.73276594}
2025/07/12 16:44:50 streamdata.go:16: action=StreamIngestionData, {BTC_JPY RUNNING 2025-07-12T07:44:48.9988064Z 19303331 1.7316108e+07 1.7323297e+07 0.03 0.02 353.88183025 167.79286278 0 0 1.7318007e+07 708.73276594 708.73276594}
2025/07/12 16:44:50 streamdata.go:16: action=StreamIngestionData, {BTC_JPY RUNNING 2025-07-12T07:44:49.6547111Z 19303336 1.731611e+07 1.7323297e+07 0.03 0.02 354.02780225 167.79286278 0 0 1.7318007e+07 708.72276594 708.72276594}
2025/07/12 16:44:51 streamdata.go:16: action=StreamIngestionData, {BTC_JPY RUNNING 2025-07-12T07:44:50.0959855Z 19303343 1.731611e+07 1.7323297e+07 0.03 0.02 353.85539216 167.79286278 0 0 1.7318007e+07 708.72276594 708.72276594}
2025/07/12 16:44:52 streamdata.go:16: action=StreamIngestionData, {BTC_JPY RUNNING 2025-07-12T07:44:50.6642802Z 19303352 1.7316112e+07 1.7323297e+07 0.03 0.02 353.88239771 167.79286278 0 0 1.7318007e+07 708.72276594 708.72276594}
2025/07/12 16:44:52 streamdata.go:16: action=StreamIngestionData, {BTC_JPY RUNNING 2025-07-12T07:44:51.2073897Z 19303360 1.7316114e+07 1.7323297e+07 0.03 0.02 354.02896052 167.79286278 0 0 1.7318007e+07 708.71256594 708.71256594}
2025/07/12 16:44:53 streamdata.go:16: action=StreamIngestionData, {BTC_JPY RUNNING 2025-07-12T07:44:51.7421071Z 19303367 1.7316115e+07 1.7323297e+07 0.145972 0.02 354.02808293 167.79286278 0 0 1.7318007e+07 708.71256594 708.71256594}
2025/07/12 16:44:53 streamdata.go:16: action=StreamIngestionData, {BTC_JPY RUNNING 2025-07-12T07:44:52.2503404Z 19303374 1.7316116e+07 1.7323297e+07 0.03 0.02 353.85639216 167.79286278 0 0 1.7318007e+07 708.71256594 708.71256594}
2025/07/12 16:44:54 streamdata.go:16: action=StreamIngestionData, {BTC_JPY RUNNING 2025-07-12T07:44:52.8946622Z 19303379 1.7316117e+07 1.7323297e+07 0.145972 0.02 353.9999072 167.79186278 0 0 1.7318007e+07 708.71256594 708.71256594}
2025/07/12 16:44:54 streamdata.go:16: action=StreamIngestionData, {BTC_JPY RUNNING 2025-07-12T07:44:53.5666362Z 19303387 1.7316119e+07 1.7323297e+07 0.145972 0.02 354.00133128 167.79186278 0 0 1.7318007e+07 708.71256594 708.71256594}
2025/07/12 16:44:55 streamdata.go:16: action=StreamIngestionData, {BTC_JPY RUNNING 2025-07-12T07:44:53.9740728Z 19303395 1.731612e+07 1.7323297e+07 0.03 0.02 353.85839216 167.79186278 0 0 1.7318007e+07 708.71256594 708.71256594}
2025/07/12 16:44:55 streamdata.go:16: action=StreamIngestionData, {BTC_JPY RUNNING 2025-07-12T07:44:54.5977409Z 19303421 1.7316122e+07 1.7323297e+07 0.03 0.02 353.87037312 167.77976292 0 0 1.7318007e+07 708.71256594 708.71256594}
2025/07/12 16:44:56 streamdata.go:16: action=StreamIngestionData, {BTC_JPY RUNNING 2025-07-12T07:44:55.1266936Z 19303428 1.73161e+07 1.7323297e+07 0.1869 0.02 353.83942 167.77976292 0 0 1.7318007e+07 708.71256594 708.71256594}
2025/07/12 16:44:57 streamdata.go:16: action=StreamIngestionData, {BTC_JPY RUNNING 2025-07-12T07:44:55.7667079Z 19303449 1.73161e+07 1.7323297e+07 0.1869 0.02 353.83906107 167.79100932 0 0 1.7318007e+07 708.71256594 708.71256594}
2025/07/12 16:44:57 streamdata.go:16: action=StreamIngestionData, {BTC_JPY RUNNING 2025-07-12T07:44:56.2332082Z 19303464 1.7315817e+07 1.7323295e+07 0.001 0.0109472 353.82973891 167.77090372 0 0 1.7318007e+07 708.71256594 708.71256594}
2025/07/12 16:44:58 streamdata.go:16: action=StreamIngestionData, {BTC_JPY RUNNING 2025-07-12T07:44:56.8051428Z 19303478 1.7315817e+07 1.7323289e+07 0.001 0.02 353.83939168 167.79995652 0 0 1.7318007e+07 708.71256594 708.71256594}
2025/07/12 16:44:58 streamdata.go:16: action=StreamIngestionData, {BTC_JPY RUNNING 2025-07-12T07:44:57.3391007Z 19303490 1.7315817e+07 1.7323286e+07 0.001 0.02 353.82966919 167.85398452 0 0 1.7318007e+07 708.71256594 708.71256594}
2025/07/12 16:44:59 streamdata.go:16: action=StreamIngestionData, {BTC_JPY RUNNING 2025-07-12T07:44:57.9520163Z 19303509 1.7315817e+07 1.7323285e+07 0.001 0.02 354.12993051 167.79995652 0 0 1.7318007e+07 708.71256594 708.71256594}
2025/07/12 16:44:59 streamdata.go:16: action=StreamIngestionData, {BTC_JPY RUNNING 2025-07-12T07:44:58.5655262Z 19303525 1.7315817e+07 1.7323285e+07 0.001 0.02 354.13301666 167.77995652 0 0 1.7318007e+07 708.71256594 708.71256594}
2025/07/12 16:45:00 streamdata.go:16: action=StreamIngestionData, {BTC_JPY RUNNING 2025-07-12T07:44:59.0801194Z 19303539 1.7315817e+07 1.7323281e+07 0.001 0.02 354.14164128 167.62242402 0 0 1.7318007e+07 708.71256594 708.71256594}
2025/07/12 16:45:00 streamdata.go:16: action=StreamIngestionData, {BTC_JPY RUNNING 2025-07-12T07:44:59.6669186Z 19303554 1.7315817e+07 1.73233e+07 0.001 0.5766 354.13276355 167.58442402 0 0 1.7318007e+07 708.71256594 708.71256594}
2025/07/12 16:45:01 streamdata.go:16: action=StreamIngestionData, {BTC_JPY RUNNING 2025-07-12T07:45:00.2944021Z 19303568 1.7315817e+07 1.73233e+07 0.001 0.5766 354.15383696 167.58442402 0 0 1.7318007e+07 708.66341594 708.66341594}
2025/07/12 16:45:02 streamdata.go:16: action=StreamIngestionData, {BTC_JPY RUNNING 2025-07-12T07:45:00.7695472Z 19303582 1.7315817e+07 1.7323296e+07 0.035 0.074028 354.17857787 167.68045202 0 0 1.7318007e+07 708.66341594 708.66341594}
2025/07/12 16:45:02 streamdata.go:16: action=StreamIngestionData, {BTC_JPY RUNNING 2025-07-12T07:45:01.3042722Z 19303592 1.7315817e+07 1.7323296e+07 0.035 0.02 354.17746721 167.60642402 0 0 1.7318007e+07 708.65341594 708.65341594}
2025/07/12 16:45:03 streamdata.go:16: action=StreamIngestionData, {BTC_JPY RUNNING 2025-07-12T07:45:01.7791115Z 19303602 1.731582e+07 1.7323295e+07 0.02 0.054028 354.01192105 167.68245202 0 0 1.7318007e+07 708.65341594 708.65341594}
2025/07/12 16:45:03 streamdata.go:16: action=StreamIngestionData, {BTC_JPY RUNNING 2025-07-12T07:45:02.3506534Z 19303612 1.731582e+07 1.7323299e+07 0.02 0.02 354.02273905 167.78595652 0 0 1.7318007e+07 708.65341594 708.65341594}
2025/07/12 16:45:04 streamdata.go:16: action=StreamIngestionData, {BTC_JPY RUNNING 2025-07-12T07:45:02.9224902Z 19303622 1.73161e+07 1.7323298e+07 0.1869 0.054028 354.18950901 167.66345202 0 0 1.7318007e+07 708.65341594 708.65341594}
2025/07/12 16:45:04 streamdata.go:16: action=StreamIngestionData, {BTC_JPY RUNNING 2025-07-12T07:45:03.431039Z 19303629 1.7316103e+07 1.7323298e+07 0.02 0.054028 354.21006054 167.66345202 0 0 1.7318007e+07 708.65251594 708.65251594}
2025/07/12 16:45:05 streamdata.go:16: action=StreamIngestionData, {BTC_JPY RUNNING 2025-07-12T07:45:03.9864566Z 19303638 1.7316103e+07 1.7323296e+07 0.02 0.0114224 354.21715394 167.67687442 0 0 1.7318007e+07 708.65251594 708.65251594}
2025/07/12 16:45:05 streamdata.go:16: action=StreamIngestionData, {BTC_JPY RUNNING 2025-07-12T07:45:04.462909Z 19303655 1.7315817e+07 1.7323295e+07 0.035 0.054028 354.10674269 167.85416932 0 0 1.7318007e+07 708.65251594 708.65251594}
2025/07/12 16:45:06 streamdata.go:16: action=StreamIngestionData, {BTC_JPY RUNNING 2025-07-12T07:45:05.2029281Z 19303671 1.7315817e+07 1.7323294e+07 0.035 0.02 354.16687813 167.73267432 0 0 1.7318007e+07 708.65251594 708.65251594}
2025/07/12 16:45:07 streamdata.go:16: action=StreamIngestionData, {BTC_JPY RUNNING 2025-07-12T07:45:05.8264023Z 19303684 1.7315817e+07 1.7323296e+07 0.035 0.054028 354.1759941 167.71267432 0 0 1.7318007e+07 708.65251594 708.65251594}
2025/07/12 16:45:07 streamdata.go:16: action=StreamIngestionData, {BTC_JPY RUNNING 2025-07-12T07:45:06.7505949Z 19303691 1.731582e+07 1.7323297e+07 0.02 0.0111848 354.1959941 167.65974618 0 0 1.7318007e+07 708.65251594 708.65251594}
2025/07/12 16:45:08 streamdata.go:16: action=StreamIngestionData, {BTC_JPY RUNNING 2025-07-12T07:45:07.3543413Z 19303696 1.731582e+07 1.7323296e+07 0.02 0.054028 354.19695399 167.71377418 0 0 1.7318007e+07 708.65251594 708.65251594}
2025/07/12 16:45:09 streamdata.go:16: action=StreamIngestionData, {BTC_JPY RUNNING 2025-07-12T07:45:07.8773152Z 19303700 1.731582e+07 1.7323296e+07 0.02 0.054028 354.19695399 167.71377418 0 0 1.7318007e+07 708.65251594 708.65251594}
2025/07/12 16:45:09 streamdata.go:16: action=StreamIngestionData, {BTC_JPY RUNNING 2025-07-12T07:45:08.480295Z 19303706 1.731582e+07 1.7323296e+07 0.02 0.054028 354.19756999 167.71377418 0 0 1.7318007e+07 708.65151594 708.65151594}
2025/07/12 16:45:10 streamdata.go:16: action=StreamIngestionData, {BTC_JPY RUNNING 2025-07-12T07:45:09.0201015Z 19303712 1.73161e+07 1.7323296e+07 0.1869 0.054028 354.18913619 167.71377418 0 0 1.7318007e+07 708.64574474 708.64574474}
2025/07/12 16:45:10 streamdata.go:16: action=StreamIngestionData, {BTC_JPY RUNNING 2025-07-12T07:45:09.5562305Z 19303719 1.73161e+07 1.7323293e+07 0.1869 0.02 354.18070819 167.66856138 0 0 1.7318007e+07 708.64574474 708.64574474}
2025/07/12 16:45:11 streamdata.go:16: action=StreamIngestionData, {BTC_JPY RUNNING 2025-07-12T07:45:10.0381891Z 19303726 1.7316103e+07 1.7323299e+07 0.02 0.02 354.20561709 167.64856138 0 0 1.7318007e+07 708.64574474 708.64574474}
2025/07/12 16:55:56 bitflyer.go:217: connecting to wss://ws.lightstream.bitflyer.com/json-rpc
2025/07/12 16:55:56 streamdata.go:16: action=StreamIngestionData, {BTC_JPY RUNNING 2025-07-12T07:55:55.2071103Z 19315544 1.731e+07 1.7315507e+07 1.001 0.02 353.63582498 166.50144404 0 0 1.7315201e+07 705.68350779 705.68350779}
2025/07/12 16:55:57 streamdata.go:16: action=StreamIngestionData, {BTC_JPY RUNNING 2025-07-12T07:55:55.77278Z 19315553 1.7310001e+07 1.7315501e+07 0.02 0.02 353.54553558 166.50344404 0 0 1.7315201e+07 705.68350779 705.68350779}
2025/07/12 16:55:57 streamdata.go:16: action=StreamIngestionData, {BTC_JPY RUNNING 2025-07-12T07:55:56.3122513Z 19315560 1.7310001e+07 1.7315498e+07 0.02 0.02 353.54653558 166.50344404 0 0 1.7315201e+07 705.68350779 705.68350779}
2025/07/12 16:55:58 streamdata.go:16: action=StreamIngestionData, {BTC_JPY RUNNING 2025-07-12T07:55:56.8053062Z 19315567 1.7310001e+07 1.7315528e+07 0.02 0.08516 353.65653558 166.4845439 0 0 1.7315201e+07 705.68350779 705.68350779}
2025/07/12 16:55:58 streamdata.go:16: action=StreamIngestionData, {BTC_JPY RUNNING 2025-07-12T07:55:57.4114736Z 19315573 1.7310001e+07 1.7315489e+07 0.02 0.02 353.54753558 166.5245439 0 0 1.7315201e+07 705.68350779 705.68350779}
2025/07/12 16:55:59 streamdata.go:16: action=StreamIngestionData, {BTC_JPY RUNNING 2025-07-12T07:55:58.0889685Z 19315579 1.7310001e+07 1.7315491e+07 0.02 0.02 353.54953558 166.5045439 0 0 1.7315201e+07 705.68350779 705.68350779}
2025/07/12 16:55:59 streamdata.go:16: action=StreamIngestionData, {BTC_JPY RUNNING 2025-07-12T07:55:58.6140153Z 19315583 1.7310001e+07 1.7315488e+07 0.02 0.02 353.55053558 166.5245439 0 0 1.7315201e+07 705.68350779 705.68350779}
2025/07/12 16:56:00 streamdata.go:16: action=StreamIngestionData, {BTC_JPY RUNNING 2025-07-12T07:55:59.2371319Z 19315586 1.7310001e+07 1.7315487e+07 0.02 0.02 353.55253558 166.5245439 0 0 1.7315201e+07 705.68350779 705.68350779}
2025/07/12 16:56:01 streamdata.go:16: action=StreamIngestionData, {BTC_JPY RUNNING 2025-07-12T07:55:59.7717108Z 19315591 1.7310001e+07 1.7315484e+07 0.02 0.02 353.55153523 166.5245439 0 0 1.7315201e+07 705.68350779 705.68350779}
2025/07/12 16:56:01 streamdata.go:16: action=StreamIngestionData, {BTC_JPY RUNNING 2025-07-12T07:56:00.5487906Z 19315600 1.7310001e+07 1.7315528e+07 0.02 0.08516 353.55553523 166.4845439 0 0 1.7315201e+07 705.68350779 705.68350779}
2025/07/12 16:56:02 streamdata.go:16: action=StreamIngestionData, {BTC_JPY RUNNING 2025-07-12T07:56:01.1312509Z 19315605 1.7310001e+07 1.7315525e+07 0.02 0.02 353.55582463 166.5045439 0 0 1.7315201e+07 705.68350779 705.68350779}
2025/07/12 16:56:03 streamdata.go:16: action=StreamIngestionData, {BTC_JPY RUNNING 2025-07-12T07:56:01.7899969Z 19315609 1.7310001e+07 1.7315525e+07 0.02 0.02 353.66782463 166.4827439 0 0 1.7315201e+07 705.68350779 705.68350779}
2025/07/12 16:56:03 streamdata.go:16: action=StreamIngestionData, {BTC_JPY RUNNING 2025-07-12T07:56:02.3553833Z 19315614 1.7310001e+07 1.7315525e+07 0.02 0.02 353.55782463 166.5045439 0 0 1.7315201e+07 705.68350779 705.68350779}
2025/07/12 16:56:04 streamdata.go:16: action=StreamIngestionData, {BTC_JPY RUNNING 2025-07-12T07:56:02.9104656Z 19315617 1.7310001e+07 1.7315525e+07 0.02 0.02 353.55953523 166.5045439 0 0 1.7315201e+07 705.68350779 705.68350779}
2025/07/12 16:56:04 streamdata.go:16: action=StreamIngestionData, {BTC_JPY RUNNING 2025-07-12T07:56:03.7318534Z 19315623 1.7310001e+07 1.7315524e+07 0.02 0.02 353.67153523 166.5045439 0 0 1.7315201e+07 705.68350779 705.68350779}
2025/07/12 16:56:05 streamdata.go:16: action=StreamIngestionData, {BTC_JPY RUNNING 2025-07-12T07:56:04.3072557Z 19315631 1.7310001e+07 1.7315521e+07 0.02 0.02 353.67182463 166.5045439 0 0 1.7315201e+07 705.68350779 705.68350779}
2025/07/12 16:56:06 streamdata.go:16: action=StreamIngestionData, {BTC_JPY RUNNING 2025-07-12T07:56:04.8421188Z 19315638 1.7310001e+07 1.7315515e+07 0.02 0.02 353.67382463 166.3112563 0 0 1.7315201e+07 705.68350779 705.68350779}
2025/07/12 16:56:06 streamdata.go:16: action=StreamIngestionData, {BTC_JPY RUNNING 2025-07-12T07:56:05.3880299Z 19315643 1.7310001e+07 1.7315528e+07 0.02 0.08516 353.67382463 166.2912563 0 0 1.7315201e+07 705.68350779 705.68350779}
2025/07/12 16:56:07 streamdata.go:16: action=StreamIngestionData, {BTC_JPY RUNNING 2025-07-12T07:56:06.0652425Z 19315650 1.7310001e+07 1.7315528e+07 0.02 0.08516 353.67553523 166.2912563 0 0 1.7315201e+07 705.68350779 705.68350779}
2025/07/12 16:56:07 streamdata.go:16: action=StreamIngestionData, {BTC_JPY RUNNING 2025-07-12T07:56:06.7509899Z 19315655 1.7310001e+07 1.7315524e+07 0.02 0.02 353.67553523 166.3112563 0 0 1.7315201e+07 705.68350779 705.68350779}
2025/07/12 16:56:08 streamdata.go:16: action=StreamIngestionData, {BTC_JPY RUNNING 2025-07-12T07:56:07.1599025Z 19315660 1.7310001e+07 1.7315521e+07 0.02 0.02 353.67753523 166.3112563 0 0 1.7315201e+07 705.68350779 705.68350779}
2025/07/12 16:56:09 streamdata.go:16: action=StreamIngestionData, {BTC_JPY RUNNING 2025-07-12T07:56:07.7574678Z 19315666 1.7310001e+07 1.7315518e+07 0.02 0.02 353.56653523 166.3112563 0 0 1.7315201e+07 705.68350779 705.68350779}
2025/07/12 16:56:09 streamdata.go:16: action=StreamIngestionData, {BTC_JPY RUNNING 2025-07-12T07:56:08.2821492Z 19315670 1.7310001e+07 1.7315528e+07 0.02 0.08516 353.56753523 166.2912563 0 0 1.7315201e+07 705.68350779 705.68350779}
2025/07/12 16:56:10 streamdata.go:16: action=StreamIngestionData, {BTC_JPY RUNNING 2025-07-12T07:56:08.8796997Z 19315675 1.7310001e+07 1.7315525e+07 0.02 0.02 353.56753523 166.3112563 0 0 1.7315201e+07 705.68350779 705.68350779}
2025/07/12 16:56:10 streamdata.go:16: action=StreamIngestionData, {BTC_JPY RUNNING 2025-07-12T07:56:09.570894Z 19315681 1.7310001e+07 1.7315527e+07 0.02 0.02 353.56753523 166.5045439 0 0 1.7315201e+07 705.68350779 705.68350779}
2025/07/12 16:56:11 streamdata.go:16: action=StreamIngestionData, {BTC_JPY RUNNING 2025-07-12T07:56:10.2940679Z 19315684 1.7310001e+07 1.7315524e+07 0.02 0.02 353.67653523 166.5245439 0 0 1.7315201e+07 705.68350779 705.68350779}
2025/07/12 16:56:12 streamdata.go:16: action=StreamIngestionData, {BTC_JPY RUNNING 2025-07-12T07:56:10.8742064Z 19315688 1.7310001e+07 1.7315524e+07 0.02 0.02 353.56753523 166.5245439 0 0 1.7315201e+07 705.68350779 705.68350779}
2025/07/12 16:56:12 streamdata.go:16: action=StreamIngestionData, {BTC_JPY RUNNING 2025-07-12T07:56:11.3256818Z 19315690 1.7310001e+07 1.7315524e+07 0.02 0.02 353.56753523 166.5245439 0 0 1.7315201e+07 705.68350779 705.68350779}
2025/07/12 16:56:13 streamdata.go:16: action=StreamIngestionData, {BTC_JPY RUNNING 2025-07-12T07:56:11.897498Z 19315693 1.7310001e+07 1.7315524e+07 0.02 0.02 353.67782453 166.5245439 0 0 1.7315201e+07 705.68350779 705.68350779}
2025/07/12 16:56:13 streamdata.go:16: action=StreamIngestionData, {BTC_JPY RUNNING 2025-07-12T07:56:12.615287Z 19315700 1.7310001e+07 1.73152e+07 0.02 0.0109 353.56753523 166.5245439 0 0 1.7315201e+07 705.68350779 705.68350779}
2025/07/12 16:56:14 streamdata.go:16: action=StreamIngestionData, {BTC_JPY RUNNING 2025-07-12T07:56:13.3632049Z 19315704 1.7310001e+07 1.7315197e+07 0.02 0.02 353.56653523 166.5045439 0 0 1.7315201e+07 705.52401558 705.52401558}
2025/07/12 16:56:15 streamdata.go:16: action=StreamIngestionData, {BTC_JPY RUNNING 2025-07-12T07:56:13.9195689Z 19315709 1.7310001e+07 1.7315197e+07 0.02 0.02 353.56782453 166.5045439 0 0 1.7315201e+07 705.52401558 705.52401558}
2025/07/12 16:56:15 streamdata.go:16: action=StreamIngestionData, {BTC_JPY RUNNING 2025-07-12T07:56:14.4420658Z 19315712 1.7310001e+07 1.7315197e+07 0.02 0.02 353.55724683 166.5045439 0 0 1.7315201e+07 705.52401558 705.52401558}
2025/07/12 16:56:16 streamdata.go:16: action=StreamIngestionData, {BTC_JPY RUNNING 2025-07-12T07:56:14.9972878Z 19315718 1.7310001e+07 1.7315197e+07 0.02 0.02 353.67753523 166.3610801 0 0 1.7315201e+07 705.52401558 705.52401558}
2025/07/12 16:56:17 streamdata.go:16: action=StreamIngestionData, {BTC_JPY RUNNING 2025-07-12T07:56:16.6378329Z 19315722 1.7310001e+07 1.7315197e+07 0.02 0.02 353.67782453 166.3610801 0 0 1.7315201e+07 705.52401558 705.52401558}
2025/07/12 16:56:18 streamdata.go:16: action=StreamIngestionData, {BTC_JPY RUNNING 2025-07-12T07:56:17.3370665Z 19315725 1.7310001e+07 1.7315197e+07 0.02 0.02 353.56753523 166.3610801 0 0 1.7315201e+07 705.52401558 705.52401558}
2025/07/12 16:56:19 streamdata.go:16: action=StreamIngestionData, {BTC_JPY RUNNING 2025-07-12T07:56:18.008222Z 19315733 1.7310001e+07 1.73152e+07 0.02 0.0109 353.56753523 165.9079439 0 0 1.7315197e+07 705.53401558 705.53401558}
2025/07/12 16:56:19 streamdata.go:16: action=StreamIngestionData, {BTC_JPY RUNNING 2025-07-12T07:56:18.7980732Z 19315743 1.7310004e+07 1.73152e+07 0.02 0.0109 353.59879071 165.9079439 0 0 1.7315197e+07 705.53401558 705.53401558}
2025/07/12 16:56:20 streamdata.go:16: action=StreamIngestionData, {BTC_JPY RUNNING 2025-07-12T07:56:19.3373566Z 19315747 1.7310004e+07 1.73152e+07 0.02 0.0109 353.59879071 166.2162439 0 0 1.7315197e+07 705.53401558 705.53401558}
2025/07/12 16:56:21 streamdata.go:16: action=StreamIngestionData, {BTC_JPY RUNNING 2025-07-12T07:56:20.2653023Z 19315751 1.7310004e+07 1.73152e+07 0.02 0.0109 353.70879071 166.2362439 0 0 1.7315197e+07 705.53401558 705.53401558}
